scheme,parameter_set,sampler_family,table_family,implementation,benchmark_kind,batch_size,lane_width,repetitions,samples_per_repetition,median_cycles_per_sample,MAD,p10,p90,min,max,timer_overhead,attempts_per_sample,rejections_per_sample,acceptance_ratio,random_bits_per_sample,random_bytes_per_sample,native_table_bytes,packed_bits,avx2_vector_batches,vectorized_samples,scalar_tail_samples,fallback_samples,refill_rounds,rejected_lanes,avx2_path_executed
Frodo,frodo640,original-cdt,original-cdt-table,original-cdt-ref,lookup-only,1,1,1,1000000,92.45,0,0,0,92.45,92.45,0,0.000000,0.000000,1.000000,0.000000,0.000000,26,195,0,0,0,0,0,0,0
Frodo,frodo640,original-cdt,original-cdt-table,original-cdt-avx2,lookup-only,1,8,1,1000000,71.54,0,0,0,71.54,71.54,0,0.000000,0.000000,1.000000,0.000000,0.000000,26,195,125000,1000000,0,0,0,0,1
Frodo,frodo640,original-cdt,original-cdt-table,original-cdt-ref,end-to-end,1,1,1,1000000,69.05,0,0,0,69.05,69.05,0,1.000000,0.000000,1.000000,15.000000,2.000000,26,195,0,0,0,0,0,0,0
Frodo,frodo640,original-cdt,original-cdt-table,original-cdt-avx2,end-to-end,1,8,1,1000000,40.42,0,0,0,40.42,40.42,0,1.000000,0.000000,1.000000,15.000000,2.000000,26,195,125000,1000000,0,0,0,0,1
Frodo,frodo640,original-cdt,original-cdt-table,original-cdt-ref,lookup-only,4,1,1,1000000,33.71,0,0,0,33.71,33.71,0,0.000000,0.000000,1.000000,0.000000,0.000000,26,195,0,0,0,0,0,0,0
Frodo,frodo640,original-cdt,original-cdt-table,original-cdt-avx2,lookup-only,4,8,1,1000000,18.80,0,0,0,18.80,18.80,0,0.000000,0.000000,1.000000,0.000000,0.000000,26,195,125000,1000000,0,0,0,0,1
Frodo,frodo640,original-cdt,original-cdt-table,original-cdt-ref,end-to-end,4,1,1,1000000,68.90,0,0,0,68.90,68.90,0,1.000000,0.000000,1.000000,15.000000,2.000000,26,195,0,0,0,0,0,0,0
Frodo,frodo640,original-cdt,original-cdt-table,original-cdt-avx2,end-to-end,4,8,1,1000000,40.62,0,0,0,40.62,40.62,0,1.000000,0.000000,1.000000,15.000000,2.000000,26,195,125000,1000000,0,0,0,0,1
Frodo,frodo640,original-cdt,original-cdt-table,original-cdt-ref,lookup-only,8,1,1,1000000,30.76,0,0,0,30.76,30.76,0,0.000000,0.000000,1.000000,0.000000,0.000000,26,195,0,0,0,0,0,0,0
Frodo,frodo640,original-cdt,original-cdt-table,original-cdt-avx2,lookup-only,8,8,1,1000000,17.29,0,0,0,17.29,17.29,0,0.000000,0.000000,1.000000,0.000000,0.000000,26,195,125000,1000000,0,0,0,0,1
Frodo,frodo640,original-cdt,original-cdt-table,original-cdt-ref,end-to-end,8,1,1,1000000,68.84,0,0,0,68.84,68.84,0,1.000000,0.000000,1.000000,15.000000,2.000000,26,195,0,0,0,0,0,0,0
Frodo,frodo640,original-cdt,original-cdt-table,original-cdt-avx2,end-to-end,8,8,1,1000000,45.69,0,0,0,45.69,45.69,0,1.000000,0.000000,1.000000,15.000000,2.000000,26,195,125000,1000000,0,0,0,0,1
Frodo,frodo640,original-cdt,original-cdt-table,original-cdt-ref,lookup-only,16,1,1,1000000,32.48,0,0,0,32.48,32.48,0,0.000000,0.000000,1.000000,0.000000,0.000000,26,195,0,0,0,0,0,0,0
Frodo,frodo640,original-cdt,original-cdt-table,original-cdt-avx2,lookup-only,16,8,1,1000000,17.06,0,0,0,17.06,17.06,0,0.000000,0.000000,1.000000,0.000000,0.000000,26,195,125000,1000000,0,0,0,0,1
Frodo,frodo640,original-cdt,original-cdt-table,original-cdt-ref,end-to-end,16,1,1,1000000,68.83,0,0,0,68.83,68.83,0,1.000000,0.000000,1.000000,15.000000,2.000000,26,195,0,0,0,0,0,0,0
Frodo,frodo640,original-cdt,original-cdt-table,original-cdt-avx2,end-to-end,16,8,1,1000000,40.01,0,0,0,40.01,40.01,0,1.000000,0.000000,1.000000,15.000000,2.000000,26,195,125000,1000000,0,0,0,0,1
Frodo,frodo640,original-cdt,original-cdt-table,original-cdt-ref,lookup-only,64,1,1,1000000,30.80,0,0,0,30.80,30.80,0,0.000000,0.000000,1.000000,0.000000,0.000000,26,195,0,0,0,0,0,0,0
Frodo,frodo640,original-cdt,original-cdt-table,original-cdt-avx2,lookup-only,64,8,1,1000000,17.15,0,0,0,17.15,17.15,0,0.000000,0.000000,1.000000,0.000000,0.000000,26,195,125000,1000000,0,0,0,0,1
Frodo,frodo640,original-cdt,original-cdt-table,original-cdt-ref,end-to-end,64,1,1,1000000,68.38,0,0,0,68.38,68.38,0,1.000000,0.000000,1.000000,15.000000,2.000000,26,195,0,0,0,0,0,0,0
Frodo,frodo640,original-cdt,original-cdt-table,original-cdt-avx2,end-to-end,64,8,1,1000000,40.31,0,0,0,40.31,40.31,0,1.000000,0.000000,1.000000,15.000000,2.000000,26,195,125000,1000000,0,0,0,0,1
Frodo,frodo640,original-cdt,original-cdt-table,original-cdt-ref,lookup-only,256,1,1,1000000,30.70,0,0,0,30.70,30.70,0,0.000000,0.000000,1.000000,0.000000,0.000000,26,195,0,0,0,0,0,0,0
Frodo,frodo640,original-cdt,original-cdt-table,original-cdt-avx2,lookup-only,256,8,1,1000000,16.83,0,0,0,16.83,16.83,0,0.000000,0.000000,1.000000,0.000000,0.000000,26,195,125000,1000000,0,0,0,0,1
Frodo,frodo640,original-cdt,original-cdt-table,original-cdt-ref,end-to-end,256,1,1,1000000,68.64,0,0,0,68.64,68.64,0,1.000000,0.000000,1.000000,15.000000,2.000000,26,195,0,0,0,0,0,0,0
Frodo,frodo640,original-cdt,original-cdt-table,original-cdt-avx2,end-to-end,256,8,1,1000000,39.69,0,0,0,39.69,39.69,0,1.000000,0.000000,1.000000,15.000000,2.000000,26,195,125000,1000000,0,0,0,0,1
Frodo,frodo640,original-cdt,original-cdt-table,original-cdt-ref,lookup-only,1024,1,1,1000000,30.75,0,0,0,30.75,30.75,0,0.000000,0.000000,1.000000,0.000000,0.000000,26,195,0,0,0,0,0,0,0
Frodo,frodo640,original-cdt,original-cdt-table,original-cdt-avx2,lookup-only,1024,8,1,1000000,18.06,0,0,0,18.06,18.06,0,0.000000,0.000000,1.000000,0.000000,0.000000,26,195,125000,1000000,0,0,0,0,1
Frodo,frodo640,original-cdt,original-cdt-table,original-cdt-ref,end-to-end,1024,1,1,1000000,70.03,0,0,0,70.03,70.03,0,1.000000,0.000000,1.000000,15.000000,2.000000,26,195,0,0,0,0,0,0,0
Frodo,frodo640,original-cdt,original-cdt-table,original-cdt-avx2,end-to-end,1024,8,1,1000000,42.64,0,0,0,42.64,42.64,0,1.000000,0.000000,1.000000,15.000000,2.000000,26,195,125000,1000000,0,0,0,0,1
Frodo,frodo640,sda-cdt,sda-table,sda-cdt-ref,lookup-only,1,1,1,1000000,28.00,0,0,0,28.00,28.00,0,0.000000,0.000000,1.000000,0.000000,0.000000,22,168,0,0,0,0,0,0,0
Frodo,frodo640,sda-cdt,sda-table,sda-cdt-avx2,lookup-only,1,8,1,1000000,16.77,0,0,0,16.77,16.77,0,0.000000,0.000000,1.000000,0.000000,0.000000,22,168,125000,1000000,0,0,0,0,1
Frodo,frodo640,sda-cdt,sda-table,sda-cdt-ref,end-to-end,1,1,1,1000000,80.19,0,0,0,80.19,80.19,0,1.127446,0.127446,0.886960,15.784244,2.254892,22,168,0,0,0,0,0,0,0
Frodo,frodo640,sda-cdt,sda-table,sda-cdt-avx2,end-to-end,1,8,1,1000000,62.04,0,0,0,62.04,62.04,0,1.127446,0.127446,0.886960,15.784244,2.254892,22,168,125000,1000000,0,0,1127446,127446,1
Frodo,frodo640,sda-cdt,sda-table,sda-cdt-ref,lookup-only,4,1,1,1000000,28.04,0,0,0,28.04,28.04,0,0.000000,0.000000,1.000000,0.000000,0.000000,22,168,0,0,0,0,0,0,0
Frodo,frodo640,sda-cdt,sda-table,sda-cdt-avx2,lookup-only,4,8,1,1000000,16.85,0,0,0,16.85,16.85,0,0.000000,0.000000,1.000000,0.000000,0.000000,22,168,125000,1000000,0,0,0,0,1
Frodo,frodo640,sda-cdt,sda-table,sda-cdt-ref,end-to-end,4,1,1,1000000,79.38,0,0,0,79.38,79.38,0,1.127446,0.127446,0.886960,15.784244,2.254892,22,168,0,0,0,0,0,0,0
Frodo,frodo640,sda-cdt,sda-table,sda-cdt-avx2,end-to-end,4,8,1,1000000,61.80,0,0,0,61.80,61.80,0,1.127446,0.127446,0.886960,15.784244,2.254892,22,168,125000,1000000,0,0,1127446,127446,1
Frodo,frodo640,sda-cdt,sda-table,sda-cdt-ref,lookup-only,8,1,1,1000000,27.92,0,0,0,27.92,27.92,0,0.000000,0.000000,1.000000,0.000000,0.000000,22,168,0,0,0,0,0,0,0
Frodo,frodo640,sda-cdt,sda-table,sda-cdt-avx2,lookup-only,8,8,1,1000000,16.78,0,0,0,16.78,16.78,0,0.000000,0.000000,1.000000,0.000000,0.000000,22,168,125000,1000000,0,0,0,0,1
Frodo,frodo640,sda-cdt,sda-table,sda-cdt-ref,end-to-end,8,1,1,1000000,77.25,0,0,0,77.25,77.25,0,1.127446,0.127446,0.886960,15.784244,2.254892,22,168,0,0,0,0,0,0,0
Frodo,frodo640,sda-cdt,sda-table,sda-cdt-avx2,end-to-end,8,8,1,1000000,63.13,0,0,0,63.13,63.13,0,1.127446,0.127446,0.886960,15.784244,2.254892,22,168,125000,1000000,0,0,1127446,127446,1
Frodo,frodo640,sda-cdt,sda-table,sda-cdt-ref,lookup-only,16,1,1,1000000,29.46,0,0,0,29.46,29.46,0,0.000000,0.000000,1.000000,0.000000,0.000000,22,168,0,0,0,0,0,0,0
Frodo,frodo640,sda-cdt,sda-table,sda-cdt-avx2,lookup-only,16,8,1,1000000,16.51,0,0,0,16.51,16.51,0,0.000000,0.000000,1.000000,0.000000,0.000000,22,168,125000,1000000,0,0,0,0,1
Frodo,frodo640,sda-cdt,sda-table,sda-cdt-ref,end-to-end,16,1,1,1000000,78.06,0,0,0,78.06,78.06,0,1.127446,0.127446,0.886960,15.784244,2.254892,22,168,0,0,0,0,0,0,0
Frodo,frodo640,sda-cdt,sda-table,sda-cdt-avx2,end-to-end,16,8,1,1000000,61.85,0,0,0,61.85,61.85,0,1.127446,0.127446,0.886960,15.784244,2.254892,22,168,125000,1000000,0,0,1127446,127446,1
Frodo,frodo640,sda-cdt,sda-table,sda-cdt-ref,lookup-only,64,1,1,1000000,27.90,0,0,0,27.90,27.90,0,0.000000,0.000000,1.000000,0.000000,0.000000,22,168,0,0,0,0,0,0,0
Frodo,frodo640,sda-cdt,sda-table,sda-cdt-avx2,lookup-only,64,8,1,1000000,16.87,0,0,0,16.87,16.87,0,0.000000,0.000000,1.000000,0.000000,0.000000,22,168,125000,1000000,0,0,0,0,1
Frodo,frodo640,sda-cdt,sda-table,sda-cdt-ref,end-to-end,64,1,1,1000000,77.74,0,0,0,77.74,77.74,0,1.127446,0.127446,0.886960,15.784244,2.254892,22,168,0,0,0,0,0,0,0
Frodo,frodo640,sda-cdt,sda-table,sda-cdt-avx2,end-to-end,64,8,1,1000000,63.51,0,0,0,63.51,63.51,0,1.127446,0.127446,0.886960,15.784244,2.254892,22,168,125000,1000000,0,0,1127446,127446,1
Frodo,frodo640,sda-cdt,sda-table,sda-cdt-ref,lookup-only,256,1,1,1000000,27.84,0,0,0,27.84,27.84,0,0.000000,0.000000,1.000000,0.000000,0.000000,22,168,0,0,0,0,0,0,0
Frodo,frodo640,sda-cdt,sda-table,sda-cdt-avx2,lookup-only,256,8,1,1000000,16.73,0,0,0,16.73,16.73,0,0.000000,0.000000,1.000000,0.000000,0.000000,22,168,125000,1000000,0,0,0,0,1
Frodo,frodo640,sda-cdt,sda-table,sda-cdt-ref,end-to-end,256,1,1,1000000,77.71,0,0,0,77.71,77.71,0,1.127446,0.127446,0.886960,15.784244,2.254892,22,168,0,0,0,0,0,0,0
Frodo,frodo640,sda-cdt,sda-table,sda-cdt-avx2,end-to-end,256,8,1,1000000,62.10,0,0,0,62.10,62.10,0,1.127446,0.127446,0.886960,15.784244,2.254892,22,168,125000,1000000,0,0,1127446,127446,1
Frodo,frodo640,sda-cdt,sda-table,sda-cdt-ref,lookup-only,1024,1,1,1000000,27.55,0,0,0,27.55,27.55,0,0.000000,0.000000,1.000000,0.000000,0.000000,22,168,0,0,0,0,0,0,0
Frodo,frodo640,sda-cdt,sda-table,sda-cdt-avx2,lookup-only,1024,8,1,1000000,16.64,0,0,0,16.64,16.64,0,0.000000,0.000000,1.000000,0.000000,0.000000,22,168,125000,1000000,0,0,0,0,1
Frodo,frodo640,sda-cdt,sda-table,sda-cdt-ref,end-to-end,1024,1,1,1000000,79.99,0,0,0,79.99,79.99,0,1.127446,0.127446,0.886960,15.784244,2.254892,22,168,0,0,0,0,0,0,0
Frodo,frodo640,sda-cdt,sda-table,sda-cdt-avx2,end-to-end,1024,8,1,1000000,64.07,0,0,0,64.07,64.07,0,1.127446,0.127446,0.886960,15.784244,2.254892,22,168,125000,1000000,0,0,1127446,127446,1
Frodo,frodo976,original-cdt,original-cdt-table,original-cdt-ref,lookup-only,1,1,1,1000000,28.80,0,0,0,28.80,28.80,0,0.000000,0.000000,1.000000,0.000000,0.000000,22,165,0,0,0,0,0,0,0
Frodo,frodo976,original-cdt,original-cdt-table,original-cdt-avx2,lookup-only,1,8,1,1000000,16.43,0,0,0,16.43,16.43,0,0.000000,0.000000,1.000000,0.000000,0.000000,22,165,125000,1000000,0,0,0,0,1
Frodo,frodo976,original-cdt,original-cdt-table,original-cdt-ref,end-to-end,1,1,1,1000000,63.51,0,0,0,63.51,63.51,0,1.000000,0.000000,1.000000,15.000000,2.000000,22,165,0,0,0,0,0,0,0
Frodo,frodo976,original-cdt,original-cdt-table,original-cdt-avx2,end-to-end,1,8,1,1000000,41.19,0,0,0,41.19,41.19,0,1.000000,0.000000,1.000000,15.000000,2.000000,22,165,125000,1000000,0,0,0,0,1
Frodo,frodo976,original-cdt,original-cdt-table,original-cdt-ref,lookup-only,4,1,1,1000000,30.17,0,0,0,30.17,30.17,0,0.000000,0.000000,1.000000,0.000000,0.000000,22,165,0,0,0,0,0,0,0
Frodo,frodo976,original-cdt,original-cdt-table,original-cdt-avx2,lookup-only,4,8,1,1000000,16.46,0,0,0,16.46,16.46,0,0.000000,0.000000,1.000000,0.000000,0.000000,22,165,125000,1000000,0,0,0,0,1
Frodo,frodo976,original-cdt,original-cdt-table,original-cdt-ref,end-to-end,4,1,1,1000000,65.16,0,0,0,65.16,65.16,0,1.000000,0.000000,1.000000,15.000000,2.000000,22,165,0,0,0,0,0,0,0
Frodo,frodo976,original-cdt,original-cdt-table,original-cdt-avx2,end-to-end,4,8,1,1000000,40.40,0,0,0,40.40,40.40,0,1.000000,0.000000,1.000000,15.000000,2.000000,22,165,125000,1000000,0,0,0,0,1
Frodo,frodo976,original-cdt,original-cdt-table,original-cdt-ref,lookup-only,8,1,1,1000000,27.94,0,0,0,27.94,27.94,0,0.000000,0.000000,1.000000,0.000000,0.000000,22,165,0,0,0,0,0,0,0
Frodo,frodo976,original-cdt,original-cdt-table,original-cdt-avx2,lookup-only,8,8,1,1000000,16.61,0,0,0,16.61,16.61,0,0.000000,0.000000,1.000000,0.000000,0.000000,22,165,125000,1000000,0,0,0,0,1
Frodo,frodo976,original-cdt,original-cdt-table,original-cdt-ref,end-to-end,8,1,1,1000000,89.27,0,0,0,89.27,89.27,0,1.000000,0.000000,1.000000,15.000000,2.000000,22,165,0,0,0,0,0,0,0
Frodo,frodo976,original-cdt,original-cdt-table,original-cdt-avx2,end-to-end,8,8,1,1000000,48.89,0,0,0,48.89,48.89,0,1.000000,0.000000,1.000000,15.000000,2.000000,22,165,125000,1000000,0,0,0,0,1
Frodo,frodo976,original-cdt,original-cdt-table,original-cdt-ref,lookup-only,16,1,1,1000000,29.94,0,0,0,29.94,29.94,0,0.000000,0.000000,1.000000,0.000000,0.000000,22,165,0,0,0,0,0,0,0
Frodo,frodo976,original-cdt,original-cdt-table,original-cdt-avx2,lookup-only,16,8,1,1000000,20.28,0,0,0,20.28,20.28,0,0.000000,0.000000,1.000000,0.000000,0.000000,22,165,125000,1000000,0,0,0,0,1
Frodo,frodo976,original-cdt,original-cdt-table,original-cdt-ref,end-to-end,16,1,1,1000000,83.15,0,0,0,83.15,83.15,0,1.000000,0.000000,1.000000,15.000000,2.000000,22,165,0,0,0,0,0,0,0
Frodo,frodo976,original-cdt,original-cdt-table,original-cdt-avx2,end-to-end,16,8,1,1000000,44.11,0,0,0,44.11,44.11,0,1.000000,0.000000,1.000000,15.000000,2.000000,22,165,125000,1000000,0,0,0,0,1
Frodo,frodo976,original-cdt,original-cdt-table,original-cdt-ref,lookup-only,64,1,1,1000000,29.93,0,0,0,29.93,29.93,0,0.000000,0.000000,1.000000,0.000000,0.000000,22,165,0,0,0,0,0,0,0
Frodo,frodo976,original-cdt,original-cdt-table,original-cdt-avx2,lookup-only,64,8,1,1000000,16.64,0,0,0,16.64,16.64,0,0.000000,0.000000,1.000000,0.000000,0.000000,22,165,125000,1000000,0,0,0,0,1
Frodo,frodo976,original-cdt,original-cdt-table,original-cdt-ref,end-to-end,64,1,1,1000000,70.26,0,0,0,70.26,70.26,0,1.000000,0.000000,1.000000,15.000000,2.000000,22,165,0,0,0,0,0,0,0
Frodo,frodo976,original-cdt,original-cdt-table,original-cdt-avx2,end-to-end,64,8,1,1000000,49.93,0,0,0,49.93,49.93,0,1.000000,0.000000,1.000000,15.000000,2.000000,22,165,125000,1000000,0,0,0,0,1
Frodo,frodo976,original-cdt,original-cdt-table,original-cdt-ref,lookup-only,256,1,1,1000000,28.24,0,0,0,28.24,28.24,0,0.000000,0.000000,1.000000,0.000000,0.000000,22,165,0,0,0,0,0,0,0
Frodo,frodo976,original-cdt,original-cdt-table,original-cdt-avx2,lookup-only,256,8,1,1000000,16.30,0,0,0,16.30,16.30,0,0.000000,0.000000,1.000000,0.000000,0.000000,22,165,125000,1000000,0,0,0,0,1
Frodo,frodo976,original-cdt,original-cdt-table,original-cdt-ref,end-to-end,256,1,1,1000000,63.45,0,0,0,63.45,63.45,0,1.000000,0.000000,1.000000,15.000000,2.000000,22,165,0,0,0,0,0,0,0
Frodo,frodo976,original-cdt,original-cdt-table,original-cdt-avx2,end-to-end,256,8,1,1000000,41.09,0,0,0,41.09,41.09,0,1.000000,0.000000,1.000000,15.000000,2.000000,22,165,125000,1000000,0,0,0,0,1
Frodo,frodo976,original-cdt,original-cdt-table,original-cdt-ref,lookup-only,1024,1,1,1000000,27.48,0,0,0,27.48,27.48,0,0.000000,0.000000,1.000000,0.000000,0.000000,22,165,0,0,0,0,0,0,0
Frodo,frodo976,original-cdt,original-cdt-table,original-cdt-avx2,lookup-only,1024,8,1,1000000,16.38,0,0,0,16.38,16.38,0,0.000000,0.000000,1.000000,0.000000,0.000000,22,165,125000,1000000,0,0,0,0,1
Frodo,frodo976,original-cdt,original-cdt-table,original-cdt-ref,end-to-end,1024,1,1,1000000,66.36,0,0,0,66.36,66.36,0,1.000000,0.000000,1.000000,15.000000,2.000000,22,165,0,0,0,0,0,0,0
Frodo,frodo976,original-cdt,original-cdt-table,original-cdt-avx2,end-to-end,1024,8,1,1000000,41.64,0,0,0,41.64,41.64,0,1.000000,0.000000,1.000000,15.000000,2.000000,22,165,125000,1000000,0,0,0,0,1
Frodo,frodo976,sda-cdt,sda-table,sda-cdt-ref,lookup-only,1,1,1,1000000,26.84,0,0,0,26.84,26.84,0,0.000000,0.000000,1.000000,0.000000,0.000000,18,130,0,0,0,0,0,0,0
Frodo,frodo976,sda-cdt,sda-table,sda-cdt-avx2,lookup-only,1,8,1,1000000,16.26,0,0,0,16.26,16.26,0,0.000000,0.000000,1.000000,0.000000,0.000000,18,130,125000,1000000,0,0,0,0,1
Frodo,frodo976,sda-cdt,sda-table,sda-cdt-ref,end-to-end,1,1,1,1000000,74.77,0,0,0,74.77,74.77,0,1.100463,0.100463,0.908708,14.306019,2.200926,18,130,0,0,0,0,0,0,0
Frodo,frodo976,sda-cdt,sda-table,sda-cdt-avx2,end-to-end,1,8,1,1000000,61.31,0,0,0,61.31,61.31,0,1.100463,0.100463,0.908708,14.306019,2.200926,18,130,125000,1000000,0,0,1100463,100463,1
Frodo,frodo976,sda-cdt,sda-table,sda-cdt-ref,lookup-only,4,1,1,1000000,27.56,0,0,0,27.56,27.56,0,0.000000,0.000000,1.000000,0.000000,0.000000,18,130,0,0,0,0,0,0,0
Frodo,frodo976,sda-cdt,sda-table,sda-cdt-avx2,lookup-only,4,8,1,1000000,16.30,0,0,0,16.30,16.30,0,0.000000,0.000000,1.000000,0.000000,0.000000,18,130,125000,1000000,0,0,0,0,1
Frodo,frodo976,sda-cdt,sda-table,sda-cdt-ref,end-to-end,4,1,1,1000000,76.92,0,0,0,76.92,76.92,0,1.100463,0.100463,0.908708,14.306019,2.200926,18,130,0,0,0,0,0,0,0
Frodo,frodo976,sda-cdt,sda-table,sda-cdt-avx2,end-to-end,4,8,1,1000000,60.26,0,0,0,60.26,60.26,0,1.100463,0.100463,0.908708,14.306019,2.200926,18,130,125000,1000000,0,0,1100463,100463,1
Frodo,frodo976,sda-cdt,sda-table,sda-cdt-ref,lookup-only,8,1,1,1000000,27.56,0,0,0,27.56,27.56,0,0.000000,0.000000,1.000000,0.000000,0.000000,18,130,0,0,0,0,0,0,0
Frodo,frodo976,sda-cdt,sda-table,sda-cdt-avx2,lookup-only,8,8,1,1000000,16.11,0,0,0,16.11,16.11,0,0.000000,0.000000,1.000000,0.000000,0.000000,18,130,125000,1000000,0,0,0,0,1
Frodo,frodo976,sda-cdt,sda-table,sda-cdt-ref,end-to-end,8,1,1,1000000,75.11,0,0,0,75.11,75.11,0,1.100463,0.100463,0.908708,14.306019,2.200926,18,130,0,0,0,0,0,0,0
Frodo,frodo976,sda-cdt,sda-table,sda-cdt-avx2,end-to-end,8,8,1,1000000,61.81,0,0,0,61.81,61.81,0,1.100463,0.100463,0.908708,14.306019,2.200926,18,130,125000,1000000,0,0,1100463,100463,1
Frodo,frodo976,sda-cdt,sda-table,sda-cdt-ref,lookup-only,16,1,1,1000000,26.28,0,0,0,26.28,26.28,0,0.000000,0.000000,1.000000,0.000000,0.000000,18,130,0,0,0,0,0,0,0
Frodo,frodo976,sda-cdt,sda-table,sda-cdt-avx2,lookup-only,16,8,1,1000000,16.00,0,0,0,16.00,16.00,0,0.000000,0.000000,1.000000,0.000000,0.000000,18,130,125000,1000000,0,0,0,0,1
Frodo,frodo976,sda-cdt,sda-table,sda-cdt-ref,end-to-end,16,1,1,1000000,74.91,0,0,0,74.91,74.91,0,1.100463,0.100463,0.908708,14.306019,2.200926,18,130,0,0,0,0,0,0,0
Frodo,frodo976,sda-cdt,sda-table,sda-cdt-avx2,end-to-end,16,8,1,1000000,59.39,0,0,0,59.39,59.39,0,1.100463,0.100463,0.908708,14.306019,2.200926,18,130,125000,1000000,0,0,1100463,100463,1
Frodo,frodo976,sda-cdt,sda-table,sda-cdt-ref,lookup-only,64,1,1,1000000,25.94,0,0,0,25.94,25.94,0,0.000000,0.000000,1.000000,0.000000,0.000000,18,130,0,0,0,0,0,0,0
Frodo,frodo976,sda-cdt,sda-table,sda-cdt-avx2,lookup-only,64,8,1,1000000,15.95,0,0,0,15.95,15.95,0,0.000000,0.000000,1.000000,0.000000,0.000000,18,130,125000,1000000,0,0,0,0,1
Frodo,frodo976,sda-cdt,sda-table,sda-cdt-ref,end-to-end,64,1,1,1000000,75.36,0,0,0,75.36,75.36,0,1.100463,0.100463,0.908708,14.306019,2.200926,18,130,0,0,0,0,0,0,0
Frodo,frodo976,sda-cdt,sda-table,sda-cdt-avx2,end-to-end,64,8,1,1000000,59.06,0,0,0,59.06,59.06,0,1.100463,0.100463,0.908708,14.306019,2.200926,18,130,125000,1000000,0,0,1100463,100463,1
Frodo,frodo976,sda-cdt,sda-table,sda-cdt-ref,lookup-only,256,1,1,1000000,25.85,0,0,0,25.85,25.85,0,0.000000,0.000000,1.000000,0.000000,0.000000,18,130,0,0,0,0,0,0,0
Frodo,frodo976,sda-cdt,sda-table,sda-cdt-avx2,lookup-only,256,8,1,1000000,16.74,0,0,0,16.74,16.74,0,0.000000,0.000000,1.000000,0.000000,0.000000,18,130,125000,1000000,0,0,0,0,1
Frodo,frodo976,sda-cdt,sda-table,sda-cdt-ref,end-to-end,256,1,1,1000000,89.67,0,0,0,89.67,89.67,0,1.100463,0.100463,0.908708,14.306019,2.200926,18,130,0,0,0,0,0,0,0
Frodo,frodo976,sda-cdt,sda-table,sda-cdt-avx2,end-to-end,256,8,1,1000000,60.71,0,0,0,60.71,60.71,0,1.100463,0.100463,0.908708,14.306019,2.200926,18,130,125000,1000000,0,0,1100463,100463,1
Frodo,frodo976,sda-cdt,sda-table,sda-cdt-ref,lookup-only,1024,1,1,1000000,26.70,0,0,0,26.70,26.70,0,0.000000,0.000000,1.000000,0.000000,0.000000,18,130,0,0,0,0,0,0,0
Frodo,frodo976,sda-cdt,sda-table,sda-cdt-avx2,lookup-only,1024,8,1,1000000,18.21,0,0,0,18.21,18.21,0,0.000000,0.000000,1.000000,0.000000,0.000000,18,130,125000,1000000,0,0,0,0,1
Frodo,frodo976,sda-cdt,sda-table,sda-cdt-ref,end-to-end,1024,1,1,1000000,88.52,0,0,0,88.52,88.52,0,1.100463,0.100463,0.908708,14.306019,2.200926,18,130,0,0,0,0,0,0,0
Frodo,frodo976,sda-cdt,sda-table,sda-cdt-avx2,end-to-end,1024,8,1,1000000,76.87,0,0,0,76.87,76.87,0,1.100463,0.100463,0.908708,14.306019,2.200926,18,130,125000,1000000,0,0,1100463,100463,1
Frodo,frodo1344,original-cdt,original-cdt-table,original-cdt-ref,lookup-only,1,1,1,1000000,39.24,0,0,0,39.24,39.24,0,0.000000,0.000000,1.000000,0.000000,0.000000,14,105,0,0,0,0,0,0,0
Frodo,frodo1344,original-cdt,original-cdt-table,original-cdt-avx2,lookup-only,1,8,1,1000000,15.74,0,0,0,15.74,15.74,0,0.000000,0.000000,1.000000,0.000000,0.000000,14,105,125000,1000000,0,0,0,0,1
Frodo,frodo1344,original-cdt,original-cdt-table,original-cdt-ref,end-to-end,1,1,1,1000000,63.01,0,0,0,63.01,63.01,0,1.000000,0.000000,1.000000,15.000000,2.000000,14,105,0,0,0,0,0,0,0
Frodo,frodo1344,original-cdt,original-cdt-table,original-cdt-avx2,end-to-end,1,8,1,1000000,41.00,0,0,0,41.00,41.00,0,1.000000,0.000000,1.000000,15.000000,2.000000,14,105,125000,1000000,0,0,0,0,1
Frodo,frodo1344,original-cdt,original-cdt-table,original-cdt-ref,lookup-only,4,1,1,1000000,25.41,0,0,0,25.41,25.41,0,0.000000,0.000000,1.000000,0.000000,0.000000,14,105,0,0,0,0,0,0,0
Frodo,frodo1344,original-cdt,original-cdt-table,original-cdt-avx2,lookup-only,4,8,1,1000000,17.96,0,0,0,17.96,17.96,0,0.000000,0.000000,1.000000,0.000000,0.000000,14,105,125000,1000000,0,0,0,0,1
Frodo,frodo1344,original-cdt,original-cdt-table,original-cdt-ref,end-to-end,4,1,1,1000000,70.32,0,0,0,70.32,70.32,0,1.000000,0.000000,1.000000,15.000000,2.000000,14,105,0,0,0,0,0,0,0
Frodo,frodo1344,original-cdt,original-cdt-table,original-cdt-avx2,end-to-end,4,8,1,1000000,41.80,0,0,0,41.80,41.80,0,1.000000,0.000000,1.000000,15.000000,2.000000,14,105,125000,1000000,0,0,0,0,1
Frodo,frodo1344,original-cdt,original-cdt-table,original-cdt-ref,lookup-only,8,1,1,1000000,25.74,0,0,0,25.74,25.74,0,0.000000,0.000000,1.000000,0.000000,0.000000,14,105,0,0,0,0,0,0,0
Frodo,frodo1344,original-cdt,original-cdt-table,original-cdt-avx2,lookup-only,8,8,1,1000000,17.95,0,0,0,17.95,17.95,0,0.000000,0.000000,1.000000,0.000000,0.000000,14,105,125000,1000000,0,0,0,0,1
Frodo,frodo1344,original-cdt,original-cdt-table,original-cdt-ref,end-to-end,8,1,1,1000000,80.63,0,0,0,80.63,80.63,0,1.000000,0.000000,1.000000,15.000000,2.000000,14,105,0,0,0,0,0,0,0
Frodo,frodo1344,original-cdt,original-cdt-table,original-cdt-avx2,end-to-end,8,8,1,1000000,46.74,0,0,0,46.74,46.74,0,1.000000,0.000000,1.000000,15.000000,2.000000,14,105,125000,1000000,0,0,0,0,1
Frodo,frodo1344,original-cdt,original-cdt-table,original-cdt-ref,lookup-only,16,1,1,1000000,37.80,0,0,0,37.80,37.80,0,0.000000,0.000000,1.000000,0.000000,0.000000,14,105,0,0,0,0,0,0,0
Frodo,frodo1344,original-cdt,original-cdt-table,original-cdt-avx2,lookup-only,16,8,1,1000000,19.22,0,0,0,19.22,19.22,0,0.000000,0.000000,1.000000,0.000000,0.000000,14,105,125000,1000000,0,0,0,0,1
Frodo,frodo1344,original-cdt,original-cdt-table,original-cdt-ref,end-to-end,16,1,1,1000000,62.03,0,0,0,62.03,62.03,0,1.000000,0.000000,1.000000,15.000000,2.000000,14,105,0,0,0,0,0,0,0
Frodo,frodo1344,original-cdt,original-cdt-table,original-cdt-avx2,end-to-end,16,8,1,1000000,39.49,0,0,0,39.49,39.49,0,1.000000,0.000000,1.000000,15.000000,2.000000,14,105,125000,1000000,0,0,0,0,1
Frodo,frodo1344,original-cdt,original-cdt-table,original-cdt-ref,lookup-only,64,1,1,1000000,24.67,0,0,0,24.67,24.67,0,0.000000,0.000000,1.000000,0.000000,0.000000,14,105,0,0,0,0,0,0,0
Frodo,frodo1344,original-cdt,original-cdt-table,original-cdt-avx2,lookup-only,64,8,1,1000000,15.03,0,0,0,15.03,15.03,0,0.000000,0.000000,1.000000,0.000000,0.000000,14,105,125000,1000000,0,0,0,0,1
Frodo,frodo1344,original-cdt,original-cdt-table,original-cdt-ref,end-to-end,64,1,1,1000000,63.06,0,0,0,63.06,63.06,0,1.000000,0.000000,1.000000,15.000000,2.000000,14,105,0,0,0,0,0,0,0
Frodo,frodo1344,original-cdt,original-cdt-table,original-cdt-avx2,end-to-end,64,8,1,1000000,39.39,0,0,0,39.39,39.39,0,1.000000,0.000000,1.000000,15.000000,2.000000,14,105,125000,1000000,0,0,0,0,1
Frodo,frodo1344,original-cdt,original-cdt-table,original-cdt-ref,lookup-only,256,1,1,1000000,25.14,0,0,0,25.14,25.14,0,0.000000,0.000000,1.000000,0.000000,0.000000,14,105,0,0,0,0,0,0,0
Frodo,frodo1344,original-cdt,original-cdt-table,original-cdt-avx2,lookup-only,256,8,1,1000000,15.14,0,0,0,15.14,15.14,0,0.000000,0.000000,1.000000,0.000000,0.000000,14,105,125000,1000000,0,0,0,0,1
Frodo,frodo1344,original-cdt,original-cdt-table,original-cdt-ref,end-to-end,256,1,1,1000000,62.31,0,0,0,62.31,62.31,0,1.000000,0.000000,1.000000,15.000000,2.000000,14,105,0,0,0,0,0,0,0
Frodo,frodo1344,original-cdt,original-cdt-table,original-cdt-avx2,end-to-end,256,8,1,1000000,39.06,0,0,0,39.06,39.06,0,1.000000,0.000000,1.000000,15.000000,2.000000,14,105,125000,1000000,0,0,0,0,1
Frodo,frodo1344,original-cdt,original-cdt-table,original-cdt-ref,lookup-only,1024,1,1,1000000,24.79,0,0,0,24.79,24.79,0,0.000000,0.000000,1.000000,0.000000,0.000000,14,105,0,0,0,0,0,0,0
Frodo,frodo1344,original-cdt,original-cdt-table,original-cdt-avx2,lookup-only,1024,8,1,1000000,15.22,0,0,0,15.22,15.22,0,0.000000,0.000000,1.000000,0.000000,0.000000,14,105,125000,1000000,0,0,0,0,1
Frodo,frodo1344,original-cdt,original-cdt-table,original-cdt-ref,end-to-end,1024,1,1,1000000,63.40,0,0,0,63.40,63.40,0,1.000000,0.000000,1.000000,15.000000,2.000000,14,105,0,0,0,0,0,0,0
Frodo,frodo1344,original-cdt,original-cdt-table,original-cdt-avx2,end-to-end,1024,8,1,1000000,63.78,0,0,0,63.78,63.78,0,1.000000,0.000000,1.000000,15.000000,2.000000,14,105,125000,1000000,0,0,0,0,1
Frodo,frodo1344,sda-cdt,sda-table,sda-cdt-ref,lookup-only,1,1,1,1000000,45.59,0,0,0,45.59,45.59,0,0.000000,0.000000,1.000000,0.000000,0.000000,4,35,0,0,0,0,0,0,0
Frodo,frodo1344,sda-cdt,sda-table,sda-cdt-avx2,lookup-only,1,8,1,1000000,19.10,0,0,0,19.10,19.10,0,0.000000,0.000000,1.000000,0.000000,0.000000,4,35,125000,1000000,0,0,0,0,1
Frodo,frodo1344,sda-cdt,sda-table,sda-cdt-ref,end-to-end,1,1,1,1000000,80.98,0,0,0,80.98,80.98,0,1.255040,0.255040,0.796787,8.785280,1.255040,4,35,0,0,0,0,0,0,0
Frodo,frodo1344,sda-cdt,sda-table,sda-cdt-avx2,end-to-end,1,8,1,1000000,75.90,0,0,0,75.90,75.90,0,1.255040,0.255040,0.796787,8.785280,1.255040,4,35,125000,1000000,0,0,1255040,255040,1
Frodo,frodo1344,sda-cdt,sda-table,sda-cdt-ref,lookup-only,4,1,1,1000000,22.53,0,0,0,22.53,22.53,0,0.000000,0.000000,1.000000,0.000000,0.000000,4,35,0,0,0,0,0,0,0
Frodo,frodo1344,sda-cdt,sda-table,sda-cdt-avx2,lookup-only,4,8,1,1000000,15.56,0,0,0,15.56,15.56,0,0.000000,0.000000,1.000000,0.000000,0.000000,4,35,125000,1000000,0,0,0,0,1
Frodo,frodo1344,sda-cdt,sda-table,sda-cdt-ref,end-to-end,4,1,1,1000000,43.99,0,0,0,43.99,43.99,0,1.255040,0.255040,0.796787,8.785280,1.255040,4,35,0,0,0,0,0,0,0
Frodo,frodo1344,sda-cdt,sda-table,sda-cdt-avx2,end-to-end,4,8,1,1000000,37.23,0,0,0,37.23,37.23,0,1.255040,0.255040,0.796787,8.785280,1.255040,4,35,125000,1000000,0,0,1255040,255040,1
Frodo,frodo1344,sda-cdt,sda-table,sda-cdt-ref,lookup-only,8,1,1,1000000,21.99,0,0,0,21.99,21.99,0,0.000000,0.000000,1.000000,0.000000,0.000000,4,35,0,0,0,0,0,0,0
Frodo,frodo1344,sda-cdt,sda-table,sda-cdt-avx2,lookup-only,8,8,1,1000000,14.47,0,0,0,14.47,14.47,0,0.000000,0.000000,1.000000,0.000000,0.000000,4,35,125000,1000000,0,0,0,0,1
Frodo,frodo1344,sda-cdt,sda-table,sda-cdt-ref,end-to-end,8,1,1,1000000,44.10,0,0,0,44.10,44.10,0,1.255040,0.255040,0.796787,8.785280,1.255040,4,35,0,0,0,0,0,0,0
Frodo,frodo1344,sda-cdt,sda-table,sda-cdt-avx2,end-to-end,8,8,1,1000000,36.04,0,0,0,36.04,36.04,0,1.255040,0.255040,0.796787,8.785280,1.255040,4,35,125000,1000000,0,0,1255040,255040,1
Frodo,frodo1344,sda-cdt,sda-table,sda-cdt-ref,lookup-only,16,1,1,1000000,22.93,0,0,0,22.93,22.93,0,0.000000,0.000000,1.000000,0.000000,0.000000,4,35,0,0,0,0,0,0,0
Frodo,frodo1344,sda-cdt,sda-table,sda-cdt-avx2,lookup-only,16,8,1,1000000,15.02,0,0,0,15.02,15.02,0,0.000000,0.000000,1.000000,0.000000,0.000000,4,35,125000,1000000,0,0,0,0,1
Frodo,frodo1344,sda-cdt,sda-table,sda-cdt-ref,end-to-end,16,1,1,1000000,44.91,0,0,0,44.91,44.91,0,1.255040,0.255040,0.796787,8.785280,1.255040,4,35,0,0,0,0,0,0,0
Frodo,frodo1344,sda-cdt,sda-table,sda-cdt-avx2,end-to-end,16,8,1,1000000,36.56,0,0,0,36.56,36.56,0,1.255040,0.255040,0.796787,8.785280,1.255040,4,35,125000,1000000,0,0,1255040,255040,1
Frodo,frodo1344,sda-cdt,sda-table,sda-cdt-ref,lookup-only,64,1,1,1000000,21.92,0,0,0,21.92,21.92,0,0.000000,0.000000,1.000000,0.000000,0.000000,4,35,0,0,0,0,0,0,0
Frodo,frodo1344,sda-cdt,sda-table,sda-cdt-avx2,lookup-only,64,8,1,1000000,14.38,0,0,0,14.38,14.38,0,0.000000,0.000000,1.000000,0.000000,0.000000,4,35,125000,1000000,0,0,0,0,1
Frodo,frodo1344,sda-cdt,sda-table,sda-cdt-ref,end-to-end,64,1,1,1000000,43.19,0,0,0,43.19,43.19,0,1.255040,0.255040,0.796787,8.785280,1.255040,4,35,0,0,0,0,0,0,0
Frodo,frodo1344,sda-cdt,sda-table,sda-cdt-avx2,end-to-end,64,8,1,1000000,36.05,0,0,0,36.05,36.05,0,1.255040,0.255040,0.796787,8.785280,1.255040,4,35,125000,1000000,0,0,1255040,255040,1
Frodo,frodo1344,sda-cdt,sda-table,sda-cdt-ref,lookup-only,256,1,1,1000000,21.72,0,0,0,21.72,21.72,0,0.000000,0.000000,1.000000,0.000000,0.000000,4,35,0,0,0,0,0,0,0
Frodo,frodo1344,sda-cdt,sda-table,sda-cdt-avx2,lookup-only,256,8,1,1000000,14.55,0,0,0,14.55,14.55,0,0.000000,0.000000,1.000000,0.000000,0.000000,4,35,125000,1000000,0,0,0,0,1
Frodo,frodo1344,sda-cdt,sda-table,sda-cdt-ref,end-to-end,256,1,1,1000000,45.38,0,0,0,45.38,45.38,0,1.255040,0.255040,0.796787,8.785280,1.255040,4,35,0,0,0,0,0,0,0
Frodo,frodo1344,sda-cdt,sda-table,sda-cdt-avx2,end-to-end,256,8,1,1000000,36.24,0,0,0,36.24,36.24,0,1.255040,0.255040,0.796787,8.785280,1.255040,4,35,125000,1000000,0,0,1255040,255040,1
Frodo,frodo1344,sda-cdt,sda-table,sda-cdt-ref,lookup-only,1024,1,1,1000000,21.93,0,0,0,21.93,21.93,0,0.000000,0.000000,1.000000,0.000000,0.000000,4,35,0,0,0,0,0,0,0
Frodo,frodo1344,sda-cdt,sda-table,sda-cdt-avx2,lookup-only,1024,8,1,1000000,14.43,0,0,0,14.43,14.43,0,0.000000,0.000000,1.000000,0.000000,0.000000,4,35,125000,1000000,0,0,0,0,1
Frodo,frodo1344,sda-cdt,sda-table,sda-cdt-ref,end-to-end,1024,1,1,1000000,44.20,0,0,0,44.20,44.20,0,1.255040,0.255040,0.796787,8.785280,1.255040,4,35,0,0,0,0,0,0,0
Frodo,frodo1344,sda-cdt,sda-table,sda-cdt-avx2,end-to-end,1024,8,1,1000000,37.60,0,0,0,37.60,37.60,0,1.255040,0.255040,0.796787,8.785280,1.255040,4,35,125000,1000000,0,0,1255040,255040,1
Falcon,falcon,original-cdt,original-cdt-table,original-cdt-ref,lookup-only,1,1,1,1000000,244.41,0,0,0,244.41,244.41,0,0.000000,0.000000,1.000000,0.000000,0.000000,171,1368,0,0,0,0,0,0,0
Falcon,falcon,original-cdt,original-cdt-table,original-cdt-avx2,lookup-only,1,4,1,1000000,186.10,0,0,0,186.10,186.10,0,0.000000,0.000000,1.000000,0.000000,0.000000,171,1368,250000,1000000,0,0,0,0,1
Falcon,falcon,original-cdt,original-cdt-table,original-cdt-ref,end-to-end,1,1,1,1000000,96.13,0,0,0,96.13,96.13,0,1.000000,0.000000,1.000000,72.000000,9.000000,171,1368,0,0,0,0,0,0,0
Falcon,falcon,original-cdt,original-cdt-table,original-cdt-avx2,end-to-end,1,4,1,1000000,140.59,0,0,0,140.59,140.59,0,1.000000,0.000000,1.000000,72.000000,9.000000,171,1368,250000,1000000,0,0,0,0,1
Falcon,falcon,original-cdt,original-cdt-table,original-cdt-ref,lookup-only,4,1,1,1000000,88.03,0,0,0,88.03,88.03,0,0.000000,0.000000,1.000000,0.000000,0.000000,171,1368,0,0,0,0,0,0,0
Falcon,falcon,original-cdt,original-cdt-table,original-cdt-avx2,lookup-only,4,4,1,1000000,64.85,0,0,0,64.85,64.85,0,0.000000,0.000000,1.000000,0.000000,0.000000,171,1368,250000,1000000,0,0,0,0,1
Falcon,falcon,original-cdt,original-cdt-table,original-cdt-ref,end-to-end,4,1,1,1000000,96.62,0,0,0,96.62,96.62,0,1.000000,0.000000,1.000000,72.000000,9.000000,171,1368,0,0,0,0,0,0,0
Falcon,falcon,original-cdt,original-cdt-table,original-cdt-avx2,end-to-end,4,4,1,1000000,140.62,0,0,0,140.62,140.62,0,1.000000,0.000000,1.000000,72.000000,9.000000,171,1368,250000,1000000,0,0,0,0,1
Falcon,falcon,original-cdt,original-cdt-table,original-cdt-ref,lookup-only,8,1,1,1000000,83.68,0,0,0,83.68,83.68,0,0.000000,0.000000,1.000000,0.000000,0.000000,171,1368,0,0,0,0,0,0,0
Falcon,falcon,original-cdt,original-cdt-table,original-cdt-avx2,lookup-only,8,4,1,1000000,59.93,0,0,0,59.93,59.93,0,0.000000,0.000000,1.000000,0.000000,0.000000,171,1368,250000,1000000,0,0,0,0,1
Falcon,falcon,original-cdt,original-cdt-table,original-cdt-ref,end-to-end,8,1,1,1000000,95.94,0,0,0,95.94,95.94,0,1.000000,0.000000,1.000000,72.000000,9.000000,171,1368,0,0,0,0,0,0,0
Falcon,falcon,original-cdt,original-cdt-table,original-cdt-avx2,end-to-end,8,4,1,1000000,138.80,0,0,0,138.80,138.80,0,1.000000,0.000000,1.000000,72.000000,9.000000,171,1368,250000,1000000,0,0,0,0,1
Falcon,falcon,original-cdt,original-cdt-table,original-cdt-ref,lookup-only,16,1,1,1000000,83.81,0,0,0,83.81,83.81,0,0.000000,0.000000,1.000000,0.000000,0.000000,171,1368,0,0,0,0,0,0,0
Falcon,falcon,original-cdt,original-cdt-table,original-cdt-avx2,lookup-only,16,4,1,1000000,60.50,0,0,0,60.50,60.50,0,0.000000,0.000000,1.000000,0.000000,0.000000,171,1368,250000,1000000,0,0,0,0,1
Falcon,falcon,original-cdt,original-cdt-table,original-cdt-ref,end-to-end,16,1,1,1000000,96.08,0,0,0,96.08,96.08,0,1.000000,0.000000,1.000000,72.000000,9.000000,171,1368,0,0,0,0,0,0,0
Falcon,falcon,original-cdt,original-cdt-table,original-cdt-avx2,end-to-end,16,4,1,1000000,138.51,0,0,0,138.51,138.51,0,1.000000,0.000000,1.000000,72.000000,9.000000,171,1368,250000,1000000,0,0,0,0,1
Falcon,falcon,original-cdt,original-cdt-table,original-cdt-ref,lookup-only,64,1,1,1000000,83.99,0,0,0,83.99,83.99,0,0.000000,0.000000,1.000000,0.000000,0.000000,171,1368,0,0,0,0,0,0,0
Falcon,falcon,original-cdt,original-cdt-table,original-cdt-avx2,lookup-only,64,4,1,1000000,60.87,0,0,0,60.87,60.87,0,0.000000,0.000000,1.000000,0.000000,0.000000,171,1368,250000,1000000,0,0,0,0,1
Falcon,falcon,original-cdt,original-cdt-table,original-cdt-ref,end-to-end,64,1,1,1000000,104.91,0,0,0,104.91,104.91,0,1.000000,0.000000,1.000000,72.000000,9.000000,171,1368,0,0,0,0,0,0,0
Falcon,falcon,original-cdt,original-cdt-table,original-cdt-avx2,end-to-end,64,4,1,1000000,142.99,0,0,0,142.99,142.99,0,1.000000,0.000000,1.000000,72.000000,9.000000,171,1368,250000,1000000,0,0,0,0,1
Falcon,falcon,original-cdt,original-cdt-table,original-cdt-ref,lookup-only,256,1,1,1000000,84.04,0,0,0,84.04,84.04,0,0.000000,0.000000,1.000000,0.000000,0.000000,171,1368,0,0,0,0,0,0,0
Falcon,falcon,original-cdt,original-cdt-table,original-cdt-avx2,lookup-only,256,4,1,1000000,61.11,0,0,0,61.11,61.11,0,0.000000,0.000000,1.000000,0.000000,0.000000,171,1368,250000,1000000,0,0,0,0,1
Falcon,falcon,original-cdt,original-cdt-table,original-cdt-ref,end-to-end,256,1,1,1000000,96.23,0,0,0,96.23,96.23,0,1.000000,0.000000,1.000000,72.000000,9.000000,171,1368,0,0,0,0,0,0,0
Falcon,falcon,original-cdt,original-cdt-table,original-cdt-avx2,end-to-end,256,4,1,1000000,138.57,0,0,0,138.57,138.57,0,1.000000,0.000000,1.000000,72.000000,9.000000,171,1368,250000,1000000,0,0,0,0,1
Falcon,falcon,original-cdt,original-cdt-table,original-cdt-ref,lookup-only,1024,1,1,1000000,84.25,0,0,0,84.25,84.25,0,0.000000,0.000000,1.000000,0.000000,0.000000,171,1368,0,0,0,0,0,0,0
Falcon,falcon,original-cdt,original-cdt-table,original-cdt-avx2,lookup-only,1024,4,1,1000000,60.74,0,0,0,60.74,60.74,0,0.000000,0.000000,1.000000,0.000000,0.000000,171,1368,250000,1000000,0,0,0,0,1
Falcon,falcon,original-cdt,original-cdt-table,original-cdt-ref,end-to-end,1024,1,1,1000000,97.69,0,0,0,97.69,97.69,0,1.000000,0.000000,1.000000,72.000000,9.000000,171,1368,0,0,0,0,0,0,0
Falcon,falcon,original-cdt,original-cdt-table,original-cdt-avx2,end-to-end,1024,4,1,1000000,138.78,0,0,0,138.78,138.78,0,1.000000,0.000000,1.000000,72.000000,9.000000,171,1368,250000,1000000,0,0,0,0,1
Falcon,falcon,sda-cdt,sda-table,sda-cdt-ref,lookup-only,1,1,1,1000000,56.88,0,0,0,56.88,56.88,0,0.000000,0.000000,1.000000,0.000000,0.000000,162,1368,0,0,0,0,0,0,0
Falcon,falcon,sda-cdt,sda-table,sda-cdt-avx2,lookup-only,1,4,1,1000000,50.38,0,0,0,50.38,50.38,0,0.000000,0.000000,1.000000,0.000000,0.000000,162,1368,250000,1000000,0,0,0,0,1
Falcon,falcon,sda-cdt,sda-table,sda-cdt-ref,end-to-end,1,1,1,1000000,181.92,0,0,0,181.92,181.92,0,1.005653,0.005653,0.994379,72.407016,9.050877,162,1368,0,0,0,0,0,0,0
Falcon,falcon,sda-cdt,sda-table,sda-cdt-avx2,end-to-end,1,4,1,1000000,145.25,0,0,0,145.25,145.25,0,1.005653,0.005653,0.994379,72.407016,9.050877,162,1368,250000,1000000,0,0,1005653,5653,1
Falcon,falcon,sda-cdt,sda-table,sda-cdt-ref,lookup-only,4,1,1,1000000,56.54,0,0,0,56.54,56.54,0,0.000000,0.000000,1.000000,0.000000,0.000000,162,1368,0,0,0,0,0,0,0
Falcon,falcon,sda-cdt,sda-table,sda-cdt-avx2,lookup-only,4,4,1,1000000,50.23,0,0,0,50.23,50.23,0,0.000000,0.000000,1.000000,0.000000,0.000000,162,1368,250000,1000000,0,0,0,0,1
Falcon,falcon,sda-cdt,sda-table,sda-cdt-ref,end-to-end,4,1,1,1000000,166.52,0,0,0,166.52,166.52,0,1.005653,0.005653,0.994379,72.407016,9.050877,162,1368,0,0,0,0,0,0,0
Falcon,falcon,sda-cdt,sda-table,sda-cdt-avx2,end-to-end,4,4,1,1000000,146.63,0,0,0,146.63,146.63,0,1.005653,0.005653,0.994379,72.407016,9.050877,162,1368,250000,1000000,0,0,1005653,5653,1
Falcon,falcon,sda-cdt,sda-table,sda-cdt-ref,lookup-only,8,1,1,1000000,57.40,0,0,0,57.40,57.40,0,0.000000,0.000000,1.000000,0.000000,0.000000,162,1368,0,0,0,0,0,0,0
Falcon,falcon,sda-cdt,sda-table,sda-cdt-avx2,lookup-only,8,4,1,1000000,51.59,0,0,0,51.59,51.59,0,0.000000,0.000000,1.000000,0.000000,0.000000,162,1368,250000,1000000,0,0,0,0,1
Falcon,falcon,sda-cdt,sda-table,sda-cdt-ref,end-to-end,8,1,1,1000000,169.26,0,0,0,169.26,169.26,0,1.005653,0.005653,0.994379,72.407016,9.050877,162,1368,0,0,0,0,0,0,0
Falcon,falcon,sda-cdt,sda-table,sda-cdt-avx2,end-to-end,8,4,1,1000000,144.81,0,0,0,144.81,144.81,0,1.005653,0.005653,0.994379,72.407016,9.050877,162,1368,250000,1000000,0,0,1005653,5653,1
Falcon,falcon,sda-cdt,sda-table,sda-cdt-ref,lookup-only,16,1,1,1000000,57.74,0,0,0,57.74,57.74,0,0.000000,0.000000,1.000000,0.000000,0.000000,162,1368,0,0,0,0,0,0,0
Falcon,falcon,sda-cdt,sda-table,sda-cdt-avx2,lookup-only,16,4,1,1000000,56.49,0,0,0,56.49,56.49,0,0.000000,0.000000,1.000000,0.000000,0.000000,162,1368,250000,1000000,0,0,0,0,1
Falcon,falcon,sda-cdt,sda-table,sda-cdt-ref,end-to-end,16,1,1,1000000,167.95,0,0,0,167.95,167.95,0,1.005653,0.005653,0.994379,72.407016,9.050877,162,1368,0,0,0,0,0,0,0
Falcon,falcon,sda-cdt,sda-table,sda-cdt-avx2,end-to-end,16,4,1,1000000,151.33,0,0,0,151.33,151.33,0,1.005653,0.005653,0.994379,72.407016,9.050877,162,1368,250000,1000000,0,0,1005653,5653,1
Falcon,falcon,sda-cdt,sda-table,sda-cdt-ref,lookup-only,64,1,1,1000000,57.87,0,0,0,57.87,57.87,0,0.000000,0.000000,1.000000,0.000000,0.000000,162,1368,0,0,0,0,0,0,0
Falcon,falcon,sda-cdt,sda-table,sda-cdt-avx2,lookup-only,64,4,1,1000000,52.67,0,0,0,52.67,52.67,0,0.000000,0.000000,1.000000,0.000000,0.000000,162,1368,250000,1000000,0,0,0,0,1
Falcon,falcon,sda-cdt,sda-table,sda-cdt-ref,end-to-end,64,1,1,1000000,168.73,0,0,0,168.73,168.73,0,1.005653,0.005653,0.994379,72.407016,9.050877,162,1368,0,0,0,0,0,0,0
Falcon,falcon,sda-cdt,sda-table,sda-cdt-avx2,end-to-end,64,4,1,1000000,151.57,0,0,0,151.57,151.57,0,1.005653,0.005653,0.994379,72.407016,9.050877,162,1368,250000,1000000,0,0,1005653,5653,1
Falcon,falcon,sda-cdt,sda-table,sda-cdt-ref,lookup-only,256,1,1,1000000,57.56,0,0,0,57.56,57.56,0,0.000000,0.000000,1.000000,0.000000,0.000000,162,1368,0,0,0,0,0,0,0
Falcon,falcon,sda-cdt,sda-table,sda-cdt-avx2,lookup-only,256,4,1,1000000,51.77,0,0,0,51.77,51.77,0,0.000000,0.000000,1.000000,0.000000,0.000000,162,1368,250000,1000000,0,0,0,0,1
Falcon,falcon,sda-cdt,sda-table,sda-cdt-ref,end-to-end,256,1,1,1000000,168.85,0,0,0,168.85,168.85,0,1.005653,0.005653,0.994379,72.407016,9.050877,162,1368,0,0,0,0,0,0,0
Falcon,falcon,sda-cdt,sda-table,sda-cdt-avx2,end-to-end,256,4,1,1000000,145.73,0,0,0,145.73,145.73,0,1.005653,0.005653,0.994379,72.407016,9.050877,162,1368,250000,1000000,0,0,1005653,5653,1
Falcon,falcon,sda-cdt,sda-table,sda-cdt-ref,lookup-only,1024,1,1,1000000,59.49,0,0,0,59.49,59.49,0,0.000000,0.000000,1.000000,0.000000,0.000000,162,1368,0,0,0,0,0,0,0
Falcon,falcon,sda-cdt,sda-table,sda-cdt-avx2,lookup-only,1024,4,1,1000000,52.49,0,0,0,52.49,52.49,0,0.000000,0.000000,1.000000,0.000000,0.000000,162,1368,250000,1000000,0,0,0,0,1
Falcon,falcon,sda-cdt,sda-table,sda-cdt-ref,end-to-end,1024,1,1,1000000,172.43,0,0,0,172.43,172.43,0,1.005653,0.005653,0.994379,72.407016,9.050877,162,1368,0,0,0,0,0,0,0
Falcon,falcon,sda-cdt,sda-table,sda-cdt-avx2,end-to-end,1024,4,1,1000000,145.54,0,0,0,145.54,145.54,0,1.005653,0.005653,0.994379,72.407016,9.050877,162,1368,250000,1000000,0,0,1005653,5653,1
