parameter_set,epsilon,solver,embedding_precision,block_size,q,q_bits,power2_ceiling,absolute_gap,relative_gap,acceptance_ratio,expected_attempts,SD,RD,log2_renyi_minus_one,exact_linf_svp,heuristic_bkz,global_svp_certified,interval_post_verified,selected,status
falcon,0.0625000000000000000000000000000,falcon-epsilon-bkz,128,20,4695688715792059551856,72,4722366482869645213696,26677767077585661840,0.0056492369184727815016741018366852600252059346530586,0.99435076308152721849832589816331473997479406534694,1.0056813321095722820875589226876357930687569102778,1.0791332271200407740651263834210344528741311177170e-22,1.0000000000000000000000010792558072113347571013438,-79.616237421687550369975891444758062185981135173190,false,true,false,true,true,passed
falcon,0.0625000000000000000000000000000,falcon-epsilon-bkz,128,20,4696345938740122708227,72,4722366482869645213696,26020544129522505469,0.0055100645457975076762776272089675022591848119191127,0.99448993545420249232372237279103249774081518808089,1.0055405935740123466066133880410020778700007018111,5.5564376317681630128670859168635256937264409632777e-23,1.0000000000000000000000005102257948066490504492943,-80.697066534986270335491066275725689611640713282228,false,true,false,true,false,passed
falcon,0.0625000000000000000000000000000,falcon-epsilon-bkz,128,20,4697003161688185864598,72,4722366482869645213696,25363321181459349098,0.0053708921731222338508811525812497444931636891851667,0.99462910782687776614911884741875025550683631081483,1.0053998944238188086851079583721286382461316935151,3.0766629167207091107920738549200456445445858548139e-23,1.0000000000000000000000003881634739800729250804989,-81.091538004743161668185080064928648488729151158799,false,true,false,true,false,passed
falcon,0.0625000000000000000000000000000,falcon-epsilon-bkz,128,20,4697170488394467625664,72,4722366482869645213696,25195994475177588032,0.0053354593648281851693245328438486296818155096843839,0.99466454063517181483067546715615137031818449031562,1.0053640791913835324364111667118648894155094553287,3.2150810337303390558571342522228040317734348576488e-23,1.0000000000000000000000004256014796204388585116371,-80.958699205749657848207149269401087685263539546171,false,true,false,true,false,passed
falcon,0.0625000000000000000000000000000,falcon-epsilon-bkz,128,20,4697660384636249020969,72,4722366482869645213696,24706098233396192727,0.0052317198004469600254846779535319867271425664512208,0.99476828019955303997451532204646801327285743354878,1.0052592346424611204577635690047578271476526470787,6.0461537202507104195264790869297229031526793908259e-23,1.0000000000000000000000006819445898942300303882119,-80.278547851603823353962860661780249476273318473584,false,true,false,true,false,passed
falcon,0.500000000000000000000000000000,falcon-epsilon-bkz,128,10,117,7,128,11,0.085937500000000000000000000000000000000000000000000,0.91406250000000000000000000000000000000000000000000,1.0940170940170940170940170940170940170940170940171,0.0038402736571094538041315529608847021440371977560986,1.0559227040495523811592604523744139965191295120813,-4.1604220682501815923701338290936128566189790946714,false,true,false,true,false,renyi_requirement_failed
falcon,0.500000000000000000000000000000,falcon-epsilon-bkz,128,10,234,8,256,22,0.085937500000000000000000000000000000000000000000000,0.91406250000000000000000000000000000000000000000000,1.0940170940170940170940170940170940170940170940171,0.0038402736571094538041315529608847021440371977560986,1.0559227040495523811592604523744139965191295120813,-4.1604220682501815923701338290936128566189790946714,false,true,false,true,false,renyi_requirement_failed
falcon,0.500000000000000000000000000000,falcon-epsilon-bkz,128,10,478,9,512,34,0.066406250000000000000000000000000000000000000000000,0.93359375000000000000000000000000000000000000000000,1.0711297071129707112970711297071129707112970711297,0.0014535390407087087657043798693899916567938402607490,1.3132806215784328299471963829908433383429814166537,-1.6744725623866376995413778832548272233871780440732,false,true,false,true,false,renyi_requirement_failed
falcon,0.500000000000000000000000000000,falcon-epsilon-bkz,128,10,498,9,512,14,0.027343750000000000000000000000000000000000000000000,0.97265625000000000000000000000000000000000000000000,1.0281124497991967871485943775100401606425702811245,0.00068810419893211799800091336126838464596409099661664,1.2604375166599850467836634367838998960066816667514,-1.9409908076714575090095882286681885991155413426392,false,true,false,true,false,renyi_requirement_failed
falcon,0.500000000000000000000000000000,falcon-epsilon-bkz,128,10,595,10,1024,429,0.41894531250000000000000000000000000000000000000000,0.58105468750000000000000000000000000000000000000000,1.7210084033613445378151260504201680672268907563025,0.00051475348464527920978159234433812990791018638078702,1.0545878076085450494171526975080951288236321148629,-4.1952774339945740613723841398768786630199861992688,false,true,false,true,false,renyi_requirement_failed
falcon,0.500000000000000000000000000000,falcon-epsilon-bkz,128,10,829,10,1024,195,0.19042968750000000000000000000000000000000000000000,0.80957031250000000000000000000000000000000000000000,1.2352231604342581423401688781664656212303980699638,0.00099177716999491916868962643001120210787147421112233,1.0112420185688784602735919828814492174457613392780,-6.4749550867918862453791267502717257589159635007089,false,true,false,true,false,renyi_requirement_failed
falcon,0.500000000000000000000000000000,falcon-epsilon-bkz,128,10,1190,11,2048,858,0.41894531250000000000000000000000000000000000000000,0.58105468750000000000000000000000000000000000000000,1.7210084033613445378151260504201680672268907563025,0.00051475348464527920978159234433812990791018638078702,1.0545878076085450494171526975080951288236321148629,-4.1952774339945740613723841398768786630199861992688,false,true,false,true,false,renyi_requirement_failed
falcon,0.500000000000000000000000000000,falcon-epsilon-bkz,128,10,1307,11,2048,741,0.36181640625000000000000000000000000000000000000000,0.63818359375000000000000000000000000000000000000000,1.5669472073450650344299923488905891354246365723030,0.00037022735002121229152687894807694863763347848322764,1.0078182528199614898413677700727455816931165517053,-6.9989380466443414840739908147639020402176146088617,false,true,false,true,false,renyi_requirement_failed
falcon,0.500000000000000000000000000000,falcon-epsilon-bkz,128,10,1862,11,2048,186,0.090820312500000000000000000000000000000000000000000,0.90917968750000000000000000000000000000000000000000,1.0998925886143931256713211600429645542427497314715,0.00060141969437919757132843915134022859833547551025503,2.3900692896069216911492056571577520488151168038144,0.47515679753931864401627214219845388425010804090777,false,true,false,true,false,renyi_requirement_failed
falcon,0.500000000000000000000000000000,falcon-epsilon-bkz,128,10,1902,11,2048,146,0.071289062500000000000000000000000000000000000000000,0.92871093750000000000000000000000000000000000000000,1.0767613038906414300736067297581493165089379600421,0.00034624516383657751615940390772468347800627891159504,1.0073461975238661079611473621320421475644715052504,-7.0887865970228216768903764989585926313180404274808,false,true,false,true,false,renyi_requirement_failed
falcon,0.500000000000000000000000000000,falcon-epsilon-bkz,128,10,2019,11,2048,29,0.014160156250000000000000000000000000000000000000000,0.98583984375000000000000000000000000000000000000000,1.0143635463100544824170381376919266963843486874690,0.00042552816152464139852019480117543437762598053848621,1.0082659662370389305803337188487244162155255148046,-6.9186008137340495294161567651434207389101366289244,false,true,false,true,false,renyi_requirement_failed
falcon,0.500000000000000000000000000000,falcon-epsilon-bkz,128,10,2457,12,4096,1639,0.40014648437500000000000000000000000000000000000000,0.59985351562500000000000000000000000000000000000000,1.6670736670736670736670736670736670736670736670737,0.00040492078553740430279400767242447479171524243084645,1.8102968917935298401590669130986430341624883529414,-0.30347748832236331556305169305043687622225052520570,false,true,false,true,false,renyi_requirement_failed
falcon,0.500000000000000000000000000000,falcon-epsilon-bkz,128,10,2574,12,4096,1522,0.37158203125000000000000000000000000000000000000000,0.62841796875000000000000000000000000000000000000000,1.5912975912975912975912975912975912975912975912976,0.00033924276107721995284396225487017075051519478579210,1.7278536705496127104328044778570639236398208235904,-0.45827965818852148906696421234584328976852849126400,false,true,false,true,false,renyi_requirement_failed
falcon,0.500000000000000000000000000000,falcon-epsilon-bkz,128,10,2614,12,4096,1482,0.36181640625000000000000000000000000000000000000000,0.63818359375000000000000000000000000000000000000000,1.5669472073450650344299923488905891354246365723030,0.00037022735002121229152687894807694863763347848322764,1.0078182528199614898413677700727455816931165517053,-6.9989380466443414840739908147639020402176146088617,false,true,false,true,false,renyi_requirement_failed
falcon,0.500000000000000000000000000000,falcon-epsilon-bkz,128,10,3169,12,4096,927,0.22631835937500000000000000000000000000000000000000,0.77368164062500000000000000000000000000000000000000,1.2925213000946670874092773745661091827074786999053,0.00021095609002729089212987925703655705415021408775409,1.4028681953129300984794499689430613914434790764596,-1.3116201793870863888902737560247826331217105490540,false,true,false,true,false,renyi_requirement_failed
falcon,0.500000000000000000000000000000,falcon-epsilon-bkz,128,10,3286,12,4096,810,0.19775390625000000000000000000000000000000000000000,0.80224609375000000000000000000000000000000000000000,1.2465003043213633597078514911746804625684723067559,0.00025194661341434427708759399961798710719254211936831,1.3528224348542745575056229285847764822690424682577,-1.5029857946950552346290348385310110544752687226941,false,true,false,true,false,renyi_requirement_failed
falcon,0.500000000000000000000000000000,falcon-epsilon-bkz,128,10,3647,12,4096,449,0.10961914062500000000000000000000000000000000000000,0.89038085937500000000000000000000000000000000000000,1.1231148889498217713188922401974225390732108582396,0.00026430644146816579977431463353757793936733442075034,1.2186645504816644708661709588903502982596145735814,-2.1932087427669036690432858753983635556923114526327,false,true,false,true,false,renyi_requirement_failed
falcon,0.500000000000000000000000000000,falcon-epsilon-bkz,128,10,3881,12,4096,215,0.052490234375000000000000000000000000000000000000000,0.94750976562500000000000000000000000000000000000000,1.0553980932749291419737181138881731512496779180624,0.00015181304448614357460003149847119505897411199103581,1.1450476216076029421965122314375842755639833825869,-2.7854014554910479597702263656120192269238096980918,false,true,false,true,false,renyi_requirement_failed
falcon,0.500000000000000000000000000000,falcon-epsilon-bkz,128,10,3998,12,4096,98,0.023925781250000000000000000000000000000000000000000,0.97607421875000000000000000000000000000000000000000,1.0245122561280640320160080040020010005002501250625,0.00020294459096340770500457312509955227452363850274129,1.1114737449421743103892559485080108389908560654138,-3.1652241381231345208106168937599309947358711729186,false,true,false,true,false,renyi_requirement_failed
falcon,0.500000000000000000000000000000,falcon-epsilon-bkz,128,10,4242,13,8192,3950,0.48217773437500000000000000000000000000000000000000,0.51782226562500000000000000000000000000000000000000,1.9311645450259311645450259311645450259311645450259,0.00022604504288426890708232675314251227784175773148934,1.0474260990058198766581940061527462857506163026509,-4.3981749841532538028741353869001893259565933516657,false,true,false,true,false,renyi_requirement_failed
falcon,0.500000000000000000000000000000,falcon-epsilon-bkz,128,10,4359,13,8192,3833,0.46789550781250000000000000000000000000000000000000,0.53210449218750000000000000000000000000000000000000,1.8793301215875200734113328745125028676301904106446,0.00013013248597277989302162818221979532344320705626462,1.0192580652393611258136848702358625002247663386290,-5.6983934196040845507412483811330120667366765429263,false,true,false,true,false,renyi_requirement_failed
falcon,0.500000000000000000000000000000,falcon-epsilon-bkz,128,10,4476,13,8192,3716,0.45361328125000000000000000000000000000000000000000,0.54638671875000000000000000000000000000000000000000,1.8302055406613047363717605004468275245755138516533,0.000078301224222947080325203442446092585684174233730053,1.0000763835865178924260121327858080077449192418450,-13.676377812526927273343357508594355801237701792464,false,true,false,true,false,renyi_requirement_failed
falcon,0.500000000000000000000000000000,falcon-epsilon-bkz,128,10,4593,13,8192,3599,0.43933105468750000000000000000000000000000000000000,0.56066894531250000000000000000000000000000000000000,1.7835837143479207489658175484432832571304158502068,0.00012796872537215546432279894447967335902753704489780,1.0001210193283841585422042173325473388358794190758,-13.012474896206133649651273689852722635677957420936,false,true,false,true,false,renyi_requirement_failed
falcon,0.500000000000000000000000000000,falcon-epsilon-bkz,128,10,4710,13,8192,3482,0.42504882812500000000000000000000000000000000000000,0.57495117187500000000000000000000000000000000000000,1.7392781316348195329087048832271762208067940552017,0.00020915601325295644444947990301546593085193998485355,1.0003037055194890676330398420949548054420231060807,-11.685039251527622412449691100172299612595501985818,false,true,false,true,false,renyi_requirement_failed
falcon,0.500000000000000000000000000000,falcon-epsilon-bkz,128,10,4954,13,8192,3238,0.39526367187500000000000000000000000000000000000000,0.60473632812500000000000000000000000000000000000000,1.6536132418247880500605571255551069842551473556722,0.00014307873192130862006780044654922089828535848388664,1.0132132342270452843357741030665427275856134812518,-6.2418725489114268800519160723213366732225329345536,false,true,false,true,false,renyi_requirement_failed
falcon,0.500000000000000000000000000000,falcon-epsilon-bkz,128,10,5071,13,8192,3121,0.38098144531250000000000000000000000000000000000000,0.61901855468750000000000000000000000000000000000000,1.6154604614474462630644843226188128574245710905147,0.000079699361156700455066740259118473893967864505182493,1.0000603104151076593323756076571751265067526866455,-14.017233309348296595435422867198512549349014107903,false,true,false,true,false,renyi_requirement_failed
falcon,0.500000000000000000000000000000,falcon-epsilon-bkz,128,10,5305,13,8192,2887,0.35241699218750000000000000000000000000000000000000,0.64758300781250000000000000000000000000000000000000,1.5442035815268614514608859566446748350612629594722,0.00017013501995856406134737096840864746251597523581857,1.0002080394229948945735540399991350850067352746493,-12.230855437865698689411015986380957920204408094670,false,true,false,true,false,renyi_requirement_failed
falcon,0.500000000000000000000000000000,falcon-epsilon-bkz,128,10,5666,13,8192,2526,0.30834960937500000000000000000000000000000000000000,0.69165039062500000000000000000000000000000000000000,1.4458171549594069890575361807271443699258736321920,0.00011673511762041610388883970495020067422543610059128,1.0003891717139434607984862544561913872561540096210,-11.327305524611522443065520891112682991555165290025,false,true,false,true,false,renyi_requirement_failed
falcon,0.500000000000000000000000000000,falcon-epsilon-bkz,128,10,5783,13,8192,2409,0.29406738281250000000000000000000000000000000000000,0.70593261718750000000000000000000000000000000000000,1.4165657962994985301746498357254020404634272868753,0.000096734659441124281634172916802152464694349642683223,1.0001291238472317905081365764371954954296256501662,-12.918956910229901290352743962456925463588932576248,false,true,false,true,false,renyi_requirement_failed
falcon,0.500000000000000000000000000000,falcon-epsilon-bkz,128,10,6338,13,8192,1854,0.22631835937500000000000000000000000000000000000000,0.77368164062500000000000000000000000000000000000000,1.2925213000946670874092773745661091827074786999053,0.00021095609002729089212987925703655705415021408775409,1.4028681953129300984794499689430613914434790764596,-1.3116201793870863888902737560247826331217105490540,false,true,false,true,false,renyi_requirement_failed
falcon,0.500000000000000000000000000000,falcon-epsilon-bkz,128,10,6378,13,8192,1814,0.22143554687500000000000000000000000000000000000000,0.77856445312500000000000000000000000000000000000000,1.2844151771715271244904358733145186578864847914707,0.00012015946719096165002620138965597239201563015329198,1.0001896432390747057520447244618646149868245451832,-12.364424440172820688549966899575661566446494537339,false,true,false,true,false,renyi_requirement_failed
falcon,0.500000000000000000000000000000,falcon-epsilon-bkz,128,10,6495,13,8192,1697,0.20715332031250000000000000000000000000000000000000,0.79284667968750000000000000000000000000000000000000,1.2612779060816012317167051578137028483448806774442,0.00012892048283289011654220408695728799967464850728123,1.0002580604844499576242190454676897345680313969618,-11.920003134098227540545455891499741065906243824868,false,true,false,true,false,renyi_requirement_failed
falcon,0.500000000000000000000000000000,falcon-epsilon-bkz,128,10,6933,13,8192,1259,0.15368652343750000000000000000000000000000000000000,0.84631347656250000000000000000000000000000000000000,1.1815952690033174671859224001153901629886052214049,0.00017072064348187947854439893706280294543522091753908,1.2822472985330348540658365248060092758857696910533,-1.8249683222562968134407658091236334536364435638935,false,true,false,true,false,renyi_requirement_failed
falcon,0.500000000000000000000000000000,falcon-epsilon-bkz,128,10,7050,13,8192,1142,0.13940429687500000000000000000000000000000000000000,0.86059570312500000000000000000000000000000000000000,1.1619858156028368794326241134751773049645390070922,0.00016975826223180757506784980222781258644473172236923,1.2609262350194733660666651517922290553335796932088,-1.9382860866091774730089615491505308918244429717895,false,true,false,true,false,renyi_requirement_failed
falcon,0.500000000000000000000000000000,falcon-epsilon-bkz,128,10,7090,13,8192,1102,0.13452148437500000000000000000000000000000000000000,0.86547851562500000000000000000000000000000000000000,1.1554301833568406205923836389280677009873060648801,0.00013448940335640341674810907567645623965656441205613,1.0003481482687796680878230775953596890323716317634,-11.488010530149050042078455566072446060481777534599,false,true,false,true,false,renyi_requirement_failed
falcon,0.500000000000000000000000000000,falcon-epsilon-bkz,128,10,7645,13,8192,547,0.066772460937500000000000000000000000000000000000000,0.93322753906250000000000000000000000000000000000000,1.0715500327011118378024852844996729888816219751472,0.00012532185777703483619898357992519046750545374436478,1.1626060557505250736408640728086214962437668797171,-2.6205471078399458609274550941341209961883785793297,false,true,false,true,false,renyi_requirement_failed
falcon,0.500000000000000000000000000000,falcon-epsilon-bkz,128,10,7762,13,8192,430,0.052490234375000000000000000000000000000000000000000,0.94750976562500000000000000000000000000000000000000,1.0553980932749291419737181138881731512496779180624,0.00015181304448614357460003149847119505897411199103581,1.1450476216076029421965122314375842755639833825869,-2.7854014554910479597702263656120192269238096980918,false,true,false,true,false,renyi_requirement_failed
falcon,0.500000000000000000000000000000,falcon-epsilon-bkz,128,10,8123,13,8192,69,0.0084228515625000000000000000000000000000000000000000,0.99157714843750000000000000000000000000000000000000,1.0084943986211990643850794041610242521235996552998,0.00014157052834250842760759943172594725335020560464996,1.0940626046671972758791545115560018678899415123128,-3.4102349076700398965294331216296239935951334111827,false,true,false,true,false,renyi_requirement_failed
falcon,0.500000000000000000000000000000,falcon-epsilon-bkz,128,10,8357,14,16384,8027,0.48992919921875000000000000000000000000000000000000,0.51007080078125000000000000000000000000000000000000,1.9605121455067607993299030752662438674165370348211,0.00011244019448039180861054599185777413394769564525376,1.0633693427381739710176515361870501601339443383774,-3.9800711376845657282686061908246870584085319146071,false,true,false,true,false,renyi_requirement_failed
falcon,0.500000000000000000000000000000,falcon-epsilon-bkz,128,10,8474,14,16384,7910,0.48278808593750000000000000000000000000000000000000,0.51721191406250000000000000000000000000000000000000,1.9334434741562426244984658956809063016285107387302,0.00013688340262787933064226432340816065153159734554366,1.0486589909514944783431351572234074124677181158423,-4.3611497865630942166231027295576223305257447645667,false,true,false,true,false,renyi_requirement_failed
falcon,0.500000000000000000000000000000,falcon-epsilon-bkz,128,10,8718,14,16384,7666,0.46789550781250000000000000000000000000000000000000,0.53210449218750000000000000000000000000000000000000,1.8793301215875200734113328745125028676301904106446,0.00013013248597277989302162818221979532344320705626462,1.0192580652393611258136848702358625002247663386290,-5.6983934196040845507412483811330120667366765429263,false,true,false,true,false,renyi_requirement_failed
falcon,0.500000000000000000000000000000,falcon-epsilon-bkz,128,10,8835,14,16384,7549,0.46075439453125000000000000000000000000000000000000,0.53924560546875000000000000000000000000000000000000,1.8544425580079230333899264289756649688737973967176,0.000085263080480717921829188677045207765589133112886540,1.0058372268098072905770821101603395574654604707050,-7.4205011583595325801364166538739856934723308247032,false,true,false,true,false,renyi_requirement_failed
falcon,0.500000000000000000000000000000,falcon-epsilon-bkz,128,10,8921,14,16384,7463,0.45550537109375000000000000000000000000000000000000,0.54449462890625000000000000000000000000000000000000,1.8365654074655307700930388969846429772447035085753,0.000038754838734898937729162091418498114990186733742825,1.0002792937657658193211992323958652276558243664536,-11.805929008577902328677174229557761350932010593682,false,true,false,true,false,renyi_requirement_failed
falcon,0.500000000000000000000000000000,falcon-epsilon-bkz,128,10,9069,14,16384,7315,0.44647216796875000000000000000000000000000000000000,0.55352783203125000000000000000000000000000000000000,1.8065938912779799316352409306428492667328261109273,0.00010247292386085941982355053045897033606813565174671,1.0000684731570444925784324658847912888077932434843,-13.834101943130866995465527544736716403622308230248,false,true,false,true,false,renyi_requirement_failed
falcon,0.500000000000000000000000000000,falcon-epsilon-bkz,128,10,9186,14,16384,7198,0.43933105468750000000000000000000000000000000000000,0.56066894531250000000000000000000000000000000000000,1.7835837143479207489658175484432832571304158502068,0.00012796872537215546432279894447967335902753704489780,1.0001210193283841585422042173325473388358794190758,-13.012474896206133649651273689852722635677957420936,false,true,false,true,false,renyi_requirement_failed
falcon,0.500000000000000000000000000000,falcon-epsilon-bkz,128,10,9430,14,16384,6954,0.42443847656250000000000000000000000000000000000000,0.57556152343750000000000000000000000000000000000000,1.7374337221633085896076352067868504772004241781548,0.000087575593464831124392062554846373486921831165262260,1.0006192792787327223678348253900940039640920631933,-10.657122205687898957868676627658069577273173123012,false,true,false,true,false,renyi_requirement_failed
falcon,0.500000000000000000000000000000,falcon-epsilon-bkz,128,10,9547,14,16384,6837,0.41729736328125000000000000000000000000000000000000,0.58270263671875000000000000000000000000000000000000,1.7161411961872839635487587723892322195454069341154,0.000069427221162838511294243988441091254404060348481393,1.0000407520618977548299319364424712770627118575189,-14.582767418420445979276229099589311454565545878957,false,true,false,true,false,renyi_requirement_failed
falcon,0.500000000000000000000000000000,falcon-epsilon-bkz,128,10,9781,14,16384,6603,0.40301513671875000000000000000000000000000000000000,0.59698486328125000000000000000000000000000000000000,1.6750843472037623964829772006952254370718740415090,0.00011691046343794314720633902331618562093025567825627,1.0001039973235785702990444475769410726861101062324,-13.231165979160093737254447611047651221553968533409,false,true,false,true,false,renyi_requirement_failed
falcon,0.500000000000000000000000000000,falcon-epsilon-bkz,128,10,10142,14,16384,6242,0.38098144531250000000000000000000000000000000000000,0.61901855468750000000000000000000000000000000000000,1.6154604614474462630644843226188128574245710905147,0.000079699361156700455066740259118473893967864505182493,1.0000603104151076593323756076571751265067526866455,-14.017233309348296595435422867198512549349014107903,false,true,false,true,false,renyi_requirement_failed
falcon,0.500000000000000000000000000000,falcon-epsilon-bkz,128,10,10259,14,16384,6125,0.37384033203125000000000000000000000000000000000000,0.62615966796875000000000000000000000000000000000000,1.5970367482210741787698606101959255288039769958086,0.000081442218474570961611327722160679231708113555513800,1.0000705615892738138611998093881512056237677433040,-13.790757419045507407517986249927525296364989258309,false,true,false,true,false,renyi_requirement_failed
falcon,0.500000000000000000000000000000,falcon-epsilon-bkz,128,10,10854,14,16384,5530,0.33752441406250000000000000000000000000000000000000,0.66247558593750000000000000000000000000000000000000,1.5094895890915791413303851114796388428229224249125,0.000085837505347622684770947399337885810186612806660443,1.0000845007599126911087349009793504722250047693874,-13.530676158872269524609406453624943655855124634728,false,true,false,true,false,renyi_requirement_failed
falcon,0.500000000000000000000000000000,falcon-epsilon-bkz,128,10,10971,14,16384,5413,0.33038330078125000000000000000000000000000000000000,0.66961669921875000000000000000000000000000000000000,1.4933916689454015130799380184121775590192325221037,0.000098794276784523662459203666298566203598818617620975,1.0001108368567569315741530962618516992208994962575,-13.139274676694776154477195370334272504011729482648,false,true,false,true,false,renyi_requirement_failed
falcon,0.500000000000000000000000000000,falcon-epsilon-bkz,128,10,11566,14,16384,4818,0.29406738281250000000000000000000000000000000000000,0.70593261718750000000000000000000000000000000000000,1.4165657962994985301746498357254020404634272868753,0.000096734659441124281634172916802152464694349642683223,1.0001291238472317905081365764371954954296256501662,-12.918956910229901290352743962456925463588932576248,false,true,false,true,false,renyi_requirement_failed
falcon,0.500000000000000000000000000000,falcon-epsilon-bkz,128,10,29753,15,32768,3015,0.092010498046875000000000000000000000000000000000000,0.90798950195312500000000000000000000000000000000000,1.1013343192283131112828958424360568682149699189998,0.000034149207950277963237382483176162849873341250463557,1.4299030544012236599305221463549073485500333920260,-1.2179167343827463058341011853825775281630293153379,false,true,false,true,false,renyi_requirement_failed
falcon,0.500000000000000000000000000000,falcon-epsilon-bkz,128,10,30348,15,32768,2420,0.073852539062500000000000000000000000000000000000000,0.92614746093750000000000000000000000000000000000000,1.0797416633715566099907736918413074996704889943324,0.000031046443601404872407922669088515287988766022172228,1.4018142975743105292980359557021127565174824119118,-1.3153991951452542138195333047749431908871482881971,false,true,false,true,false,renyi_requirement_failed
falcon,0.500000000000000000000000000000,falcon-epsilon-bkz,128,10,30465,15,32768,2303,0.070281982421875000000000000000000000000000000000000,0.92971801757812500000000000000000000000000000000000,1.0755949450188741178401444280321680617101591990809,0.000027251782349844074126770927932955204745623616372548,1.3964201734261262308379488053879047197199337102537,-1.3348977131871837822991687663270176940923755843736,false,true,false,true,false,renyi_requirement_failed
falcon,0.500000000000000000000000000000,falcon-epsilon-bkz,128,10,31060,15,32768,1708,0.052124023437500000000000000000000000000000000000000,0.94787597656250000000000000000000000000000000000000,1.0549903412749517063747585318737926593689632968448,0.000021779878098434188459165914965484412218230717911402,1.3696179479883175394327226756199061120444968292969,-1.4358932817344226360100831586176146965835934842921,false,true,false,true,false,renyi_requirement_failed
falcon,0.500000000000000000000000000000,falcon-epsilon-bkz,128,10,31177,15,32768,1591,0.048553466796875000000000000000000000000000000000000,0.95144653320312500000000000000000000000000000000000,1.0510312089039997434005837636719376463418545722808,0.000024544636537082559100872633728433034440560118182607,1.3644680718018891719393328505870069265379290658485,-1.4561356580323091946428483394268592414758837656935,false,true,false,true,false,renyi_requirement_failed
falcon,0.500000000000000000000000000000,falcon-epsilon-bkz,128,10,31538,15,32768,1230,0.037536621093750000000000000000000000000000000000000,0.96246337890625000000000000000000000000000000000000,1.0390005707400596106284482211934808802080030439470,0.000032648124863800327494785616712543770056274029431672,1.3488193466914828286890393594244903502771090967186,-1.5194480358452974245573224965926088410964845389594,false,true,false,true,false,renyi_requirement_failed
falcon,0.500000000000000000000000000000,falcon-epsilon-bkz,128,10,31772,15,32768,996,0.030395507812500000000000000000000000000000000000000,0.96960449218750000000000000000000000000000000000000,1.0313483570439380586680095681732342943472239707919,0.000020293805339974372982580564752722649235914406455612,1.3388659946956563075459354914142197296310319478047,-1.5612132256824959957680913459335565395197994780170,false,true,false,true,false,renyi_requirement_failed
falcon,0.500000000000000000000000000000,falcon-epsilon-bkz,128,10,31889,15,32768,879,0.026824951171875000000000000000000000000000000000000,0.97317504882812500000000000000000000000000000000000,1.0275643638872338423907930634388033491172504625419,0.000030776146716786942453286468062824654732085296476594,1.3339441498548009152136936668709541874560050330510,-1.5823212540591566552617317280158352185649994378271,false,true,false,true,false,renyi_requirement_failed
falcon,0.500000000000000000000000000000,falcon-epsilon-bkz,128,10,32133,15,32768,635,0.019378662109375000000000000000000000000000000000000,0.98062133789062500000000000000000000000000000000000,1.0197616157843961036940217222170354464257927986805,0.000038985756892159337403753887702073517857020898083767,1.3237952171104979693800168535918609133863457047179,-1.6268464196296148806444839082699877964395402588849,false,true,false,true,false,renyi_requirement_failed
falcon,0.500000000000000000000000000000,falcon-epsilon-bkz,128,10,32250,15,32768,518,0.015808105468750000000000000000000000000000000000000,0.98419189453125000000000000000000000000000000000000,1.0160620155038759689922480620155038759689922480620,0.000032020520111019322682960441277728191491819290521013,1.3189832481857985760168523249324704073027628933620,-1.6484474338873857205952654262657338471788496556206,false,true,false,true,false,renyi_requirement_failed
falcon,0.500000000000000000000000000000,falcon-epsilon-bkz,128,10,32484,15,32768,284,0.0086669921875000000000000000000000000000000000000000,0.99133300781250000000000000000000000000000000000000,1.0087427656692525551040512252185691417313138776013,0.000029968103693392398851690826763911610990003032635756,1.3094634010008254664777433143218793539483060423935,-1.6921592971337048210327276001100702029204088354616,false,true,false,true,false,renyi_requirement_failed
falcon,0.500000000000000000000000000000,falcon-epsilon-bkz,128,10,32845,16,65536,32691,0.49882507324218750000000000000000000000000000000000,0.50117492675781250000000000000000000000000000000000,1.9953113107017810930126351042776678337646521540569,0.000038742249256960854496116196345281805424302259032969,1.2950431099580928828147146056256622112414581199402,-1.7610023269254803979170937994017964132946095612938,false,true,false,true,false,renyi_requirement_failed
falcon,0.500000000000000000000000000000,falcon-epsilon-bkz,128,10,32962,16,65536,32574,0.49703979492187500000000000000000000000000000000000,0.50296020507812500000000000000000000000000000000000,1.9882288696074267338146957102117589952066015411686,0.000031928330326117845812013440526569586962949071631420,1.2904373380212873317119355197121040822065060207076,-1.7837011597511494792204738132399549269032061096715,false,true,false,true,false,renyi_requirement_failed
falcon,0.500000000000000000000000000000,falcon-epsilon-bkz,128,10,33557,16,65536,31979,0.48796081542968750000000000000000000000000000000000,0.51203918457031250000000000000000000000000000000000,1.9529755341657478320469648657508120511368715916202,0.000038509074931430179785292167487881319814726074373456,1.2675122718586143151416586299372497506189476683538,-1.9023230196596716614683216242576998312789172078680,false,true,false,true,false,renyi_requirement_failed
falcon,0.500000000000000000000000000000,falcon-epsilon-bkz,128,10,33674,16,65536,31862,0.48617553710937500000000000000000000000000000000000,0.51382446289062500000000000000000000000000000000000,1.9461899388252063906871770505434459820633129417355,0.000033207248934521700455106594932116565991149458101294,1.2630997257573761150103186542386830651112107495546,-1.9263183501793780285880132502745119946936814999859,false,true,false,true,false,renyi_requirement_failed
falcon,0.500000000000000000000000000000,falcon-epsilon-bkz,128,10,34229,16,65536,31307,0.47770690917968750000000000000000000000000000000000,0.52229309082031250000000000000000000000000000000000,1.9146337900610593356510561220018113295743375500307,0.000025099855726053970057671873585314709577525997616010,1.2425797472060695082805745590028314506558486226161,-2.0434689888850521155489014249569390205292753266522,false,true,false,true,false,renyi_requirement_failed
falcon,0.500000000000000000000000000000,falcon-epsilon-bkz,128,10,34269,16,65536,31267,0.47709655761718750000000000000000000000000000000000,0.52290344238281250000000000000000000000000000000000,1.9123989611602322799031194373923954594531500773294,0.000038993670711922235192672128416926122661446140469556,1.2411265326493950023215360917398456845458771771796,-2.0521376865200677118164343418039304102586533904253,false,true,false,true,false,renyi_requirement_failed
falcon,0.500000000000000000000000000000,falcon-epsilon-bkz,128,10,34824,16,65536,30712,0.46862792968750000000000000000000000000000000000000,0.53137207031250000000000000000000000000000000000000,1.8819205145876407075580059728922582127268550424994,0.000021656174763117610208816631765614395724739731054546,1.2213080227615859244022583773275170585507685097311,-2.1758723428512091329454739249498030813622438085672,false,true,false,true,false,renyi_requirement_failed
falcon,0.500000000000000000000000000000,falcon-epsilon-bkz,128,10,34941,16,65536,30595,0.46684265136718750000000000000000000000000000000000,0.53315734863281250000000000000000000000000000000000,1.8756189004321570647663203686213903437222746916230,0.000019270402300749286487916369265013715532555983519243,1.2172104967053502167430302663703475033939096027123,-2.2028342717688339191149866637002094735651823161683,false,true,false,true,false,renyi_requirement_failed
falcon,0.500000000000000000000000000000,falcon-epsilon-bkz,128,10,35536,16,65536,30000,0.45776367187500000000000000000000000000000000000000,0.54223632812500000000000000000000000000000000000000,1.8442143178748311571364250337685727149932462854570,0.000013213385122681669545517978774560287708956136224874,1.1967905607158449725317472646045178258531420141994,-2.3452670730671020343852053301792804946057051571459,false,true,false,true,false,renyi_requirement_failed
falcon,0.500000000000000000000000000000,falcon-epsilon-bkz,128,10,35653,16,65536,29883,0.45597839355468750000000000000000000000000000000000,0.54402160644531250000000000000000000000000000000000,1.8381622864836058676689198664908983816228648360587,0.000018539265204267162353386433414467000935277437484610,1.1928554772491075626332314092515806061130862105707,-2.3744079746509827994762273847859454327913633151932,false,true,false,true,false,renyi_requirement_failed
falcon,0.500000000000000000000000000000,falcon-epsilon-bkz,128,10,36014,16,65536,29522,0.45046997070312500000000000000000000000000000000000,0.54953002929687500000000000000000000000000000000000,1.8197367690342644527128338979285833287055034153385,0.000021837170956645320866008143236877435417213275318359,1.1808752016374543114097434911445029401919164717435,-2.4669334698307453178488035446994499320507689594362,false,true,false,true,false,renyi_requirement_failed
falcon,0.500000000000000000000000000000,falcon-epsilon-bkz,128,10,36248,16,65536,29288,0.44689941406250000000000000000000000000000000000000,0.55310058593750000000000000000000000000000000000000,1.8079894063120723902008386669609357757669388655926,0.000013053351525768361593125976603052603756239436756516,1.1732371872676864134372069378482718230440774692959,-2.5291794412199866453270147461436450019962334047198,false,true,false,true,false,renyi_requirement_failed
falcon,0.500000000000000000000000000000,falcon-epsilon-bkz,128,10,36365,16,65536,29171,0.44511413574218750000000000000000000000000000000000,0.55488586425781250000000000000000000000000000000000,1.8021724185343049635638663550116870617351849305651,0.000025183910754714512925516560400212295900094790359966,1.1694550775099741863837798010552135439878300849906,-2.5610252288608990833762357995579436548968468015429,false,true,false,true,false,renyi_requirement_failed
falcon,0.500000000000000000000000000000,falcon-epsilon-bkz,128,10,36609,16,65536,28927,0.44139099121093750000000000000000000000000000000000,0.55860900878906250000000000000000000000000000000000,1.7901608893987817203419924062389030019940451801470,0.000028773003243225568632272223723126214619185845519268,1.1616454544033915807301877472069597730857724967763,-2.6290951565658987867680872737719886905016038848814,false,true,false,true,false,renyi_requirement_failed
falcon,0.500000000000000000000000000000,falcon-epsilon-bkz,128,10,36726,16,65536,28810,0.43960571289062500000000000000000000000000000000000,0.56039428710937500000000000000000000000000000000000,1.7844578772531721396286009911234547731852093884442,0.000018803852114580578950302885449463822671301793886603,1.1579375213807135980475572535906208334316556633788,-2.6625741404131733450232154667127098285403451625083,false,true,false,true,false,renyi_requirement_failed
falcon,0.500000000000000000000000000000,falcon-epsilon-bkz,128,10,36960,16,65536,28576,0.43603515625000000000000000000000000000000000000000,0.56396484375000000000000000000000000000000000000000,1.7731601731601731601731601731601731601731601731602,0.000022553801050495087820624660513124728350544565160078,1.1505921503973050190982222180743486925577194553160,-2.7312815232707636935754465135365413120451517087552,false,true,false,true,false,renyi_requirement_failed
falcon,0.500000000000000000000000000000,falcon-epsilon-bkz,128,10,37321,16,65536,28215,0.43052673339843750000000000000000000000000000000000,0.56947326660156250000000000000000000000000000000000,1.7560086814394040888507810616007073765440368693229,0.000025581135052442060440077559936673757864405253115133,1.1394410269093641704088563529578864117837108756448,-2.8422729955865725976017485371558558662934064341878,false,true,false,true,false,renyi_requirement_failed
falcon,0.500000000000000000000000000000,falcon-epsilon-bkz,128,10,37438,16,65536,28098,0.42874145507812500000000000000000000000000000000000,0.57125854492187500000000000000000000000000000000000,1.7505208611571130936481649660772477162241572733586,0.000018974040370458080550748879920056116814140308298830,1.1358731394115800469759864705953170858597723527776,-2.8796678151458364291294530864392720896675694705850,false,true,false,true,false,renyi_requirement_failed
falcon,0.500000000000000000000000000000,falcon-epsilon-bkz,128,10,38033,16,65536,27503,0.41966247558593750000000000000000000000000000000000,0.58033752441406250000000000000000000000000000000000,1.7231351720873977861330949438645386900849262482581,0.000024982976011719184104814208823945195615329330863376,1.1180687556652066862768562554153071815460756095537,-3.0823008575912008522297254827056374749465596639187,false,true,false,true,false,renyi_requirement_failed
falcon,0.500000000000000000000000000000,falcon-epsilon-bkz,128,10,38150,16,65536,27386,0.41787719726562500000000000000000000000000000000000,0.58212280273437500000000000000000000000000000000000,1.7178505897771952817824377457404980340760157273919,0.000023838255616351356806254222664243378071297163752682,1.1146331292525235345427333183172107852666412583320,-3.1249040481645851759394402618957692048044634707346,false,true,false,true,false,renyi_requirement_failed
falcon,0.500000000000000000000000000000,falcon-epsilon-bkz,128,10,38705,16,65536,26831,0.40940856933593750000000000000000000000000000000000,0.59059143066406250000000000000000000000000000000000,1.6932179304999354088619041467510657537785815786074,0.000022114665374747402368097416632051161523575197933220,1.0986191540463411261386029520939888638509274124924,-3.3419883122995436509633939481674394608291013846422,false,true,false,true,false,renyi_requirement_failed
falcon,0.500000000000000000000000000000,falcon-epsilon-bkz,128,10,38745,16,65536,26791,0.40879821777343750000000000000000000000000000000000,0.59120178222656250000000000000000000000000000000000,1.6914698670796231771841527939088914698670796231772,0.000027942664556900433518737295664730881862767263288385,1.0974827351180509807003728636946225791035441480518,-3.3587094597855747725264681561258391509820191737854,false,true,false,true,false,renyi_requirement_failed
falcon,0.500000000000000000000000000000,falcon-epsilon-bkz,128,10,39300,16,65536,26236,0.40032958984375000000000000000000000000000000000000,0.59967041015625000000000000000000000000000000000000,1.6675826972010178117048346055979643765903307888041,0.000019657997431696745841108959090118001035473788777231,1.0819538772130462629246297472000149134445037934883,-3.6090439853710934839283969726293759463477678728218,false,true,false,true,false,renyi_requirement_failed
falcon,0.500000000000000000000000000000,falcon-epsilon-bkz,128,10,39417,16,65536,26119,0.39854431152343750000000000000000000000000000000000,0.60145568847656250000000000000000000000000000000000,1.6626328741405992338331176903366567724585838597559,0.000014987130368474865915549858058716394152453342846323,1.0787360910045950529213223793621931356381739210442,-3.6668311007001042762740899217798641562425514433786,false,true,false,true,false,renyi_requirement_failed
falcon,0.500000000000000000000000000000,falcon-epsilon-bkz,128,10,40012,16,65536,25524,0.38946533203125000000000000000000000000000000000000,0.61053466796875000000000000000000000000000000000000,1.6379086274117764670598820353893831850444866540038,0.0000099629046247137895350115459845127011911155765637207,1.0626636078046613046594091858213487251721401583356,-3.9962283557176119822568128630838585467348815238863,false,true,false,true,false,renyi_requirement_failed
falcon,0.500000000000000000000000000000,falcon-epsilon-bkz,128,10,40129,16,65536,25407,0.38768005371093750000000000000000000000000000000000,0.61231994628906250000000000000000000000000000000000,1.6331331456054225123975180044356948839991028931695,0.000015439586293211238291380819254529932679583152637880,1.0595592662484100498195491297051126471659436085391,-4.0695302092983103358753319339016743854991232592505,false,true,false,true,false,renyi_requirement_failed
falcon,0.500000000000000000000000000000,falcon-epsilon-bkz,128,10,40490,16,65536,25046,0.38217163085937500000000000000000000000000000000000,0.61782836914062500000000000000000000000000000000000,1.6185724870338355149419609780192640158063719436898,0.000018332001693736127286092390427733483638221176534206,1.0500940990376634660816597065071795629272434947246,-4.3192155222924050300012943365235744059084512648709,false,true,false,true,false,renyi_requirement_failed
falcon,0.500000000000000000000000000000,falcon-epsilon-bkz,128,10,40607,16,65536,24929,0.38038635253906250000000000000000000000000000000000,0.61961364746093750000000000000000000000000000000000,1.6139089319575442657669859876375994286699337552639,0.0000094636136971291422037497201615801152513149350509729,1.0470625865943531767131817962964532755840465072929,-4.4092755754535540769880450394445077072464914900519,false,true,false,true,false,renyi_requirement_failed
falcon,0.500000000000000000000000000000,falcon-epsilon-bkz,128,10,40724,16,65536,24812,0.37860107421875000000000000000000000000000000000000,0.62139892578125000000000000000000000000000000000000,1.6092721736568117080836852961398683822807189863471,0.000010007618555388125568981139839056956748149644819965,1.0440485101759296093943032225309079353118171441553,-4.5047629651385924476735107806852488803557198574777,false,true,false,true,false,renyi_requirement_failed
falcon,0.500000000000000000000000000000,falcon-epsilon-bkz,128,10,40841,16,65536,24695,0.37681579589843750000000000000000000000000000000000,0.62318420410156250000000000000000000000000000000000,1.6046619818319825665385274601503391200019588158958,0.000020817445374470941386840852522025045078779316949591,1.0410517198358012900009497992103958779380486982528,-4.6064135257105771851666932196571254159303975827372,false,true,false,true,false,renyi_requirement_failed
falcon,0.500000000000000000000000000000,falcon-epsilon-bkz,128,10,41085,16,65536,24451,0.37309265136718750000000000000000000000000000000000,0.62690734863281250000000000000000000000000000000000,1.5951320433248144091517585493489107946939272240477,0.000022715482788198673849796895677826732313792491193644,1.0348569707818091715550329079332455795779818173809,-4.8424089911646052952686126885856487637929136649266,false,true,false,true,false,renyi_requirement_failed
falcon,0.500000000000000000000000000000,falcon-epsilon-bkz,128,10,41202,16,65536,24334,0.37130737304687500000000000000000000000000000000000,0.62869262695312500000000000000000000000000000000000,1.5906023979418474831318868016115722537740886364740,0.000013818958198491273529451065896486300901682440716998,1.0319125893624042209835271315656803842492029954478,-4.9697305172671435560348474782356932514441130993973,false,true,false,true,false,renyi_requirement_failed
falcon,0.500000000000000000000000000000,falcon-epsilon-bkz,128,10,41319,16,65536,24217,0.36952209472656250000000000000000000000000000000000,0.63047790527343750000000000000000000000000000000000,1.5860984050920883854885161789975556039594375468913,0.0000086596635927455749935253809846115131781127941637502,1.0289848994856636408528574822930909918291736478080,-5.1085547071564706458599475081805846251982277281840,false,true,false,true,false,renyi_requirement_failed
falcon,0.500000000000000000000000000000,falcon-epsilon-bkz,128,10,41436,16,65536,24100,0.36773681640625000000000000000000000000000000000000,0.63226318359375000000000000000000000000000000000000,1.5816198474756250603340090742349647649387006467806,0.000018534145640744108999272250976527528851520565701674,1.0260737613769251501279395614732817917628042850168,-5.2612574700234028413995786531965262983413851588557,false,true,false,true,false,renyi_requirement_failed
falcon,0.500000000000000000000000000000,falcon-epsilon-bkz,128,10,41797,16,65536,23739,0.36222839355468750000000000000000000000000000000000,0.63777160644531250000000000000000000000000000000000,1.5679594229250903174869009737540971840084216570567,0.000019968616788623293794870115918371773653033909935782,1.0171946658392384604838299915594201474814240234408,-5.8618951109415990079607198067173170374755527104032,false,true,false,true,false,renyi_requirement_failed
falcon,0.500000000000000000000000000000,falcon-epsilon-bkz,128,10,41914,16,65536,23622,0.36044311523437500000000000000000000000000000000000,0.63955688476562500000000000000000000000000000000000,1.5635825738416758123777258195352388223505272701245,0.000012107486897421819788382581328742649196181392767243,1.0143507275740577682480186480978324069271115610568,-6.1227323071681317903082008520096903291610870169587,false,true,false,true,false,renyi_requirement_failed
falcon,0.500000000000000000000000000000,falcon-epsilon-bkz,128,10,42509,16,65536,23027,0.35136413574218750000000000000000000000000000000000,0.64863586425781250000000000000000000000000000000000,1.5416970523889058787550871580135971206097532287280,0.000018308790242447274951560188790434604314666848535475,1.0014244208636650602391081759906003277737657813972,-9.4554088123645662217301405135402681264082121142700,false,true,false,true,false,renyi_requirement_failed
falcon,0.500000000000000000000000000000,falcon-epsilon-bkz,128,10,42626,16,65536,22910,0.34957885742187500000000000000000000000000000000000,0.65042114257812500000000000000000000000000000000000,1.5374653967062356308356402195842912776239853610472,0.000016436869584444348125368031519206036307746604002878,1.0004628489891476657296377939444044980472675900181,-11.077170808405742249666147368146073764514937226541,false,true,false,true,false,renyi_requirement_failed
falcon,0.500000000000000000000000000000,falcon-epsilon-bkz,128,10,43181,16,65536,22355,0.34111022949218750000000000000000000000000000000000,0.65888977050781250000000000000000000000000000000000,1.5177045459808712165072601375605011463375095528126,0.000022134979500630309060828051926742670302255499624244,1.0289255958452098460166157026870208108652877206101,-5.1115095117185183979221614316280911504704277354193,false,true,false,true,false,renyi_requirement_failed
falcon,0.500000000000000000000000000000,falcon-epsilon-bkz,128,10,43221,16,65536,22315,0.34049987792968750000000000000000000000000000000000,0.65950012207031250000000000000000000000000000000000,1.5162999467851276000092547604173896948242752365748,0.000020005933875864609113117046352169304984576031016747,1.0000184090601831852330693495459843071929038159235,-15.729224498138304650777601253249533421679215039948,false,true,false,true,false,renyi_requirement_failed
falcon,0.500000000000000000000000000000,falcon-epsilon-bkz,128,10,43776,16,65536,21760,0.33203125000000000000000000000000000000000000000000,0.66796875000000000000000000000000000000000000000000,1.4970760233918128654970760233918128654970760233918,0.000019090424378095775064427311265166263985662069687144,1.0149144008604034501331138182221616690163618887481,-6.0671501667168396911744331339703841996949777062175,false,true,false,true,false,renyi_requirement_failed
falcon,0.500000000000000000000000000000,falcon-epsilon-bkz,128,10,43893,16,65536,21643,0.33024597167968750000000000000000000000000000000000,0.66975402832031250000000000000000000000000000000000,1.4930854578178752876312851707561570182033581664502,0.000018122587275639989580705290744132011196703514507845,1.0122067483767902474198063117020605524568056173949,-6.3561772421463598075963145906337429120634875012047,false,true,false,true,false,renyi_requirement_failed
falcon,0.500000000000000000000000000000,falcon-epsilon-bkz,128,10,44488,16,65536,21048,0.32116699218750000000000000000000000000000000000000,0.67883300781250000000000000000000000000000000000000,1.4731163459809386800935083618054306779356230893724,0.000012514488789355646043400145869766875496779864126473,1.0007887219242240147327993998101382566477381200737,-10.308195633500145048160900748733508514444212671854,false,true,false,true,false,renyi_requirement_failed
falcon,0.500000000000000000000000000000,falcon-epsilon-bkz,128,10,44605,16,65536,20931,0.31938171386718750000000000000000000000000000000000,0.68061828613281250000000000000000000000000000000000,1.4692523259724246160744311175877143817957628068602,0.000017420285301129225075283055981605732110270283466198,1.0002394848922808497272866500000778956622263333665,-12.027777732017928579713983666092107968952046118698,false,true,false,true,false,renyi_requirement_failed
falcon,0.500000000000000000000000000000,falcon-epsilon-bkz,128,10,44966,16,65536,20570,0.31387329101562500000000000000000000000000000000000,0.68612670898437500000000000000000000000000000000000,1.4574567450962949784281457100920695636703286927901,0.000018060008704775946587960487568488696963823673504046,1.0000135788285625820470040393858840649393962594528,-16.168281449924145164919880041291279583015893904289,false,true,false,true,false,renyi_requirement_failed
falcon,0.500000000000000000000000000000,falcon-epsilon-bkz,128,10,45200,16,65536,20336,0.31030273437500000000000000000000000000000000000000,0.68969726562500000000000000000000000000000000000000,1.4499115044247787610619469026548672566371681415929,0.000012730696452465614008057724826156641140108083090277,1.0000041514932697122595179277763110780670959784155,-17.877938209898061261865050901311115490454286082905,false,true,false,true,false,renyi_requirement_failed
falcon,0.500000000000000000000000000000,falcon-epsilon-bkz,128,10,45317,16,65536,20219,0.30851745605468750000000000000000000000000000000000,0.69148254394531250000000000000000000000000000000000,1.4461681046847761325771785422689057086744488823179,0.000018836162743905990463317535704138902187701818547932,1.0000085290828874582600443212998116846288917635289,-16.839177949099369846958431719376831182363084204698,false,true,false,true,false,renyi_requirement_failed
falcon,0.500000000000000000000000000000,falcon-epsilon-bkz,128,10,45561,16,65536,19975,0.30479431152343750000000000000000000000000000000000,0.69520568847656250000000000000000000000000000000000,1.4384232128355391672702530673163451197295932925089,0.000020650975240884562956359103100251001834531715060367,1.0000203415742082461276100138020615856042677361541,-15.585209142608709388504538230598231048096023445636,false,true,false,true,false,renyi_requirement_failed
falcon,0.500000000000000000000000000000,falcon-epsilon-bkz,128,10,45678,16,65536,19858,0.30300903320312500000000000000000000000000000000000,0.69699096679687500000000000000000000000000000000000,1.4347388239415035684574631113446297999036735408731,0.000013433280369545012153340167510190261537407802565676,1.0000065391400263550277863059408338715827394814932,-17.222467652452695575339597222303326044901443639600,false,true,false,true,false,renyi_requirement_failed
falcon,0.500000000000000000000000000000,falcon-epsilon-bkz,128,10,45912,16,65536,19624,0.29943847656250000000000000000000000000000000000000,0.70056152343750000000000000000000000000000000000000,1.4274263809025962711273741069872800139397107510019,0.000018149690671659844476194229632811951381118796736781,1.0000101184308996306908496216257576462346362512666,-16.592654890811199103565179794640420446368874654521,false,true,false,true,false,renyi_requirement_failed
falcon,0.500000000000000000000000000000,falcon-epsilon-bkz,128,10,46273,16,65536,19263,0.29393005371093750000000000000000000000000000000000,0.70606994628906250000000000000000000000000000000000,1.4162902772675210165755408121366671709204071488773,0.000017743816697943260654547383098767852932849453404404,1.0000124256693431357150707153886805457039848100924,-16.296316905787024222743960819388373118616605070595,false,true,false,true,false,renyi_requirement_failed
falcon,0.500000000000000000000000000000,falcon-epsilon-bkz,128,10,46390,16,65536,19146,0.29214477539062500000000000000000000000000000000000,0.70785522460937500000000000000000000000000000000000,1.4127182582453114895451605949558094416900194007329,0.000014231477961497417872015126126607419518738372315386,1.0000093891097616292399983665656949167922545722796,-16.700580195616468841434328607119259091574307357974,false,true,false,true,false,renyi_requirement_failed
falcon,0.500000000000000000000000000000,falcon-epsilon-bkz,128,10,46985,16,65536,18551,0.28306579589843750000000000000000000000000000000000,0.71693420410156250000000000000000000000000000000000,1.3948281366393529849952112376290305416622326274343,0.000017707215868247410132806552858227992180180253446690,1.0000132885362030156232231349937950693899499972742,-16.199458280955845626005412561694368021075322095574,false,true,false,true,false,renyi_requirement_failed
falcon,0.500000000000000000000000000000,falcon-epsilon-bkz,128,10,47102,16,65536,18434,0.28128051757812500000000000000000000000000000000000,0.71871948242187500000000000000000000000000000000000,1.3913634240584263937837034520827141098042545964078,0.000017405758919356650575266198505897308521327580571090,1.0000147878901153198885036384656022511473845701549,-16.045224246022987529403538423067107169327999356963,false,true,false,true,false,renyi_requirement_failed
falcon,0.500000000000000000000000000000,falcon-epsilon-bkz,128,10,47657,16,65536,17879,0.27281188964843750000000000000000000000000000000000,0.72718811035156250000000000000000000000000000000000,1.3751599974820068405480831777073672283190297333026,0.000024672960387856554959255853051907086142879008645971,1.0255098552780766324729139649114006066827832217814,-5.2928014754753978473533004662913948527423859804195,false,true,false,true,false,renyi_requirement_failed
falcon,0.500000000000000000000000000000,falcon-epsilon-bkz,128,10,47697,16,65536,17839,0.27220153808593750000000000000000000000000000000000,0.72779846191406250000000000000000000000000000000000,1.3740067509486969830387655408096945300543011090844,0.000020476453787872257530324064225699470642094570367993,1.0000178956848619507599706380547217180175085593574,-15.770028718163168459121929064933372328384038221619,false,true,false,true,false,renyi_requirement_failed
falcon,0.500000000000000000000000000000,falcon-epsilon-bkz,128,10,48252,16,65536,17284,0.26373291015625000000000000000000000000000000000000,0.73626708984375000000000000000000000000000000000000,1.3582027687971483047334825499461162231617342286330,0.000021175375679087207471192379452504376322792718575800,1.0128425210479098048951457111289106942822425681589,-6.2829277516210798975494242787232945985320152303439,false,true,false,true,false,renyi_requirement_failed
falcon,0.500000000000000000000000000000,falcon-epsilon-bkz,128,10,48369,16,65536,17167,0.26194763183593750000000000000000000000000000000000,0.73805236816406250000000000000000000000000000000000,1.3549174057764270503835100994438586698091752982282,0.000023691434656734213942845788315261774710646720677883,1.0103948289033698324506650995342018726456539279499,-6.5879901778306123914273493754040602199344283335594,false,true,false,true,false,renyi_requirement_failed
falcon,0.500000000000000000000000000000,falcon-epsilon-bkz,128,10,48964,16,65536,16572,0.25286865234375000000000000000000000000000000000000,0.74713134765625000000000000000000000000000000000000,1.3384527407891512131361816845029000898619393840373,0.000018528324011166675776374403599438345940346100511279,1.0006223541307956947437053332085242533025077599485,-10.649976645883715771101937188246304207783455496051,false,true,false,true,false,renyi_requirement_failed
falcon,0.500000000000000000000000000000,falcon-epsilon-bkz,128,10,49081,16,65536,16455,0.25108337402343750000000000000000000000000000000000,0.74891662597656250000000000000000000000000000000000,1.3352621177237627595199771805790428067887777347650,0.000022972394724614009820880000824111857832989748867902,1.0002081372032253501353129619303304969289072772570,-12.230177518697329802859357934639727377830630695377,false,true,false,true,false,renyi_requirement_failed
falcon,0.500000000000000000000000000000,falcon-epsilon-bkz,128,10,49442,16,65536,16094,0.24557495117187500000000000000000000000000000000000,0.75442504882812500000000000000000000000000000000000,1.3255127219772662918166740827636422474818979814732,0.000020039429012505849980017461079787495407866029622715,1.0000121151597599151960582379091915514750727601324,-16.332827045023722104634908791866975735814918269147,false,true,false,true,false,renyi_requirement_failed
falcon,0.500000000000000000000000000000,falcon-epsilon-bkz,128,10,49558,16,65536,15978,0.24380493164062500000000000000000000000000000000000,0.75619506835937500000000000000000000000000000000000,1.3224101053311271641309173090116631018200895919932,0.0000077346559368895346851998604077564921637680331747848,1.0000052926581928757633584212189374503391859430664,-17.527576083567147732826110541036057057570175538320,false,true,false,true,false,renyi_requirement_failed
falcon,0.500000000000000000000000000000,falcon-epsilon-bkz,128,10,49676,16,65536,15860,0.24200439453125000000000000000000000000000000000000,0.75799560546875000000000000000000000000000000000000,1.3192688622272324663821563732989773733794991545213,0.000017891898692526937243970925261096635879394578813737,1.0000066337497041275019144295278568165771784140592,-17.201743990033060762455862808324436196880328080918,false,true,false,true,false,renyi_requirement_failed
falcon,0.500000000000000000000000000000,falcon-epsilon-bkz,128,10,49680,16,65536,15856,0.24194335937500000000000000000000000000000000000000,0.75805664062500000000000000000000000000000000000000,1.3191626409017713365539452495974235104669887278583,0.000011131761338107845193064636801294650535405565799915,1.0000064756680915464116706174343939439502426567617,-17.236539526696555217832079095053035522107748053542,false,true,false,true,false,renyi_requirement_failed
falcon,0.500000000000000000000000000000,falcon-epsilon-bkz,128,10,49793,16,65536,15743,0.24021911621093750000000000000000000000000000000000,0.75978088378906250000000000000000000000000000000000,1.3161689394091538971341353202257345409997389191252,0.000023338328864812020164945470180418861955522838229652,1.0000105702653102434001903223234179341687576864677,-16.529628886082458729175355367729350904250853465508,false,true,false,true,false,renyi_requirement_failed
falcon,0.500000000000000000000000000000,falcon-epsilon-bkz,128,10,50037,16,65536,15499,0.23649597167968750000000000000000000000000000000000,0.76350402832031250000000000000000000000000000000000,1.3097507844195295481343805583867937726082698802886,0.000021255307368009472935562190440426456099458733416944,1.0000140149889823695481378873795022960590632630238,-16.122669864214607762469106450011220120740568467486,false,true,false,true,false,renyi_requirement_failed
falcon,0.500000000000000000000000000000,falcon-epsilon-bkz,128,10,50154,16,65536,15382,0.23471069335937500000000000000000000000000000000000,0.76528930664062500000000000000000000000000000000000,1.3066953782350360888463532320453004745384216612832,0.000016396011671104652552210115490723130468525490448249,1.0000071699397666875293417147169103189143526202216,-17.089607570155181607477660356794707861885633741181,false,true,false,true,false,renyi_requirement_failed
falcon,0.500000000000000000000000000000,falcon-epsilon-bkz,128,10,50276,16,65536,15260,0.23284912109375000000000000000000000000000000000000,0.76715087890625000000000000000000000000000000000000,1.3035245445142811679528999920439175749860768557562,0.000016544495618741481624938227035497044262212061766552,1.0000087901431371068362018629678048767628614294409,-16.795681911178149988072393798750994475032300275714,false,true,false,true,false,renyi_requirement_failed
falcon,0.500000000000000000000000000000,falcon-epsilon-bkz,128,10,50388,16,65536,15148,0.23114013671875000000000000000000000000000000000000,0.76885986328125000000000000000000000000000000000000,1.3006271334444709057712153687385885528300388981504,0.000022471040585532835379068240744752233151410113844896,1.0000118237519831237751810372584387186921174275757,-16.367952561720195431506586968629129112465450818025,false,true,false,true,false,renyi_requirement_failed
falcon,0.500000000000000000000000000000,falcon-epsilon-bkz,128,10,50749,16,65536,14787,0.22563171386718750000000000000000000000000000000000,0.77436828613281250000000000000000000000000000000000,1.2913751995113204201068001339927880352322213245581,0.000019586248796189056227582357014181172316237819298697,1.0000113615293968105628978822613014515922461649419,-16.425483422632941881471364213312143619279960146936,false,true,false,true,false,renyi_requirement_failed
falcon,0.500000000000000000000000000000,falcon-epsilon-bkz,128,10,50866,16,65536,14670,0.22384643554687500000000000000000000000000000000000,0.77615356445312500000000000000000000000000000000000,1.2884048283725867966814768214524436755396532064640,0.000017890796734883864780966760338726897019081824778400,1.0000105987943128560055624179804386028897328830116,-16.525740316987623532768400877398563616800001297225,false,true,false,true,false,renyi_requirement_failed
falcon,0.500000000000000000000000000000,falcon-epsilon-bkz,128,10,51461,16,65536,14075,0.21476745605468750000000000000000000000000000000000,0.78523254394531250000000000000000000000000000000000,1.2735080935077048638774994656147373739336584986689,0.000019877641683363500496709030694083678796255627302105,1.0000136175797774950278645483317227802965698107574,-16.164170155320925055289820677082152027535391898614,false,true,false,true,false,renyi_requirement_failed
falcon,0.500000000000000000000000000000,falcon-epsilon-bkz,128,10,51578,16,65536,13958,0.21298217773437500000000000000000000000000000000000,0.78701782226562500000000000000000000000000000000000,1.2706192562720539765016092132304470898445073480941,0.000020796493868322069236791111531128267583021076453367,1.0000156606468888333494627007952952377798354977443,-15.962496667680359738954864216107994614415736482897,false,true,false,true,false,renyi_requirement_failed
falcon,0.500000000000000000000000000000,falcon-epsilon-bkz,128,10,52173,16,65536,13363,0.20390319824218750000000000000000000000000000000000,0.79609680175781250000000000000000000000000000000000,1.2561286489180227320644777950280796580606827286144,0.000022432508883433069242501017727720067501970009601236,1.0000181753908868240224302884959360674156000554381,-15.747654082813621776972300768345249090694886934410,false,true,false,true,false,renyi_requirement_failed
falcon,0.500000000000000000000000000000,falcon-epsilon-bkz,128,10,71072,17,131072,60000,0.45776367187500000000000000000000000000000000000000,0.54223632812500000000000000000000000000000000000000,1.8442143178748311571364250337685727149932462854570,0.000013213385122681669545517978774560287708956136224874,1.1967905607158449725317472646045178258531420141994,-2.3452670730671020343852053301792804946057051571459,false,true,false,true,false,renyi_requirement_failed
falcon,0.500000000000000000000000000000,falcon-epsilon-bkz,128,10,71667,17,131072,59405,0.45322418212890625000000000000000000000000000000000,0.54677581787109375000000000000000000000000000000000,1.8289031213808307868335496113971562922963149008609,0.000012836838785296984553979148931394806028136266711722,1.1868351365398716299841331766375215424646005457501,-2.4201622985925714659871062853430011787311245239936,false,true,false,true,false,renyi_requirement_failed
falcon,0.500000000000000000000000000000,falcon-epsilon-bkz,128,10,71784,17,131072,59288,0.45233154296875000000000000000000000000000000000000,0.54766845703125000000000000000000000000000000000000,1.8259222110776774768750696534046584197035551097738,0.000011561033125387390442731751639826929097283950575631,1.1848969511535068329229284811651685872506499316746,-2.4352066591770586873707690967298903478284514018695,false,true,false,true,false,renyi_requirement_failed
falcon,0.500000000000000000000000000000,falcon-epsilon-bkz,128,10,72379,17,131072,58693,0.44779205322265625000000000000000000000000000000000,0.55220794677734375000000000000000000000000000000000,1.8109120048632890755605907790933834399480512303292,0.000010650750928884165646703622922342551131618867363025,1.1751374217409323336778474296653742296247652196585,-2.5134407164739221835789943206810238343140997713329,false,true,false,true,false,renyi_requirement_failed
falcon,0.500000000000000000000000000000,falcon-epsilon-bkz,128,10,72496,17,131072,58576,0.44689941406250000000000000000000000000000000000000,0.55310058593750000000000000000000000000000000000000,1.8079894063120723902008386669609357757669388655926,0.000013053351525768361593125976603052603756239436756516,1.1732371872676864134372069378482718230440774692959,-2.5291794412199866453270147461436450019962334047198,false,true,false,true,false,renyi_requirement_failed
falcon,0.500000000000000000000000000000,falcon-epsilon-bkz,128,10,72857,17,131072,58215,0.44414520263671875000000000000000000000000000000000,0.55585479736328125000000000000000000000000000000000,1.7990309784921146904209616097286465267578956037169,0.000015665662081277935897143518183290143422079193295408,1.1674125747846969334389780255852202765429086505054,-2.5785201984317499564745709129640319096815759974889,false,true,false,true,false,renyi_requirement_failed
falcon,0.500000000000000000000000000000,falcon-epsilon-bkz,128,10,73091,17,131072,57981,0.44235992431640625000000000000000000000000000000000,0.55764007568359375000000000000000000000000000000000,1.7932714014037295973512470755633388515685925763774,0.000011822130555652656624880471377136328430880878411524,1.1636678287847872083146660034281314030492781055945,-2.6111573272227426650676472927276252674241461316955,false,true,false,true,false,renyi_requirement_failed
falcon,0.500000000000000000000000000000,falcon-epsilon-bkz,128,10,73452,17,131072,57620,0.43960571289062500000000000000000000000000000000000,0.56039428710937500000000000000000000000000000000000,1.7844578772531721396286009911234547731852093884442,0.000018803852114580578950302885449463822671301793886603,1.1579375213807135980475572535906208334316556633788,-2.6625741404131733450232154667127098285403451625083,false,true,false,true,false,renyi_requirement_failed
falcon,0.500000000000000000000000000000,falcon-epsilon-bkz,128,10,73569,17,131072,57503,0.43871307373046875000000000000000000000000000000000,0.56128692626953125000000000000000000000000000000000,1.7816199758050265736927238374858975927360708994277,0.000015782639330217752759834959014123102518234296588723,1.1560924088212459997074466425574495201131340781127,-2.6795277178677912328779669339070847169673749401517,false,true,false,true,false,renyi_requirement_failed
falcon,0.500000000000000000000000000000,falcon-epsilon-bkz,128,10,74164,17,131072,56908,0.43417358398437500000000000000000000000000000000000,0.56582641601562500000000000000000000000000000000000,1.7673264656706757995793107167898171619653740359204,0.000018889763175520413707294109506823650999326014567323,1.1467993141288578111189261066631786173005136197220,-2.7680828672049224747828851984460204966062575103165,false,true,false,true,false,renyi_requirement_failed
falcon,0.500000000000000000000000000000,falcon-epsilon-bkz,128,10,74281,17,131072,56791,0.43328094482421875000000000000000000000000000000000,0.56671905517578125000000000000000000000000000000000,1.7645427498283544917273596208990185915644646679501,0.000015897374072964999527717867222305503143812470827641,1.1449894653866899235625806605031436780088609986400,-2.7859800138644062055407619569697078287883462914885,false,true,false,true,false,renyi_requirement_failed
falcon,0.500000000000000000000000000000,falcon-epsilon-bkz,128,10,74876,17,131072,56196,0.42874145507812500000000000000000000000000000000000,0.57125854492187500000000000000000000000000000000000,1.7505208611571130936481649660772477162241572733586,0.000018974040370458080550748879920056116814140308298830,1.1358731394115800469759864705953170858597723527776,-2.8796678151458364291294530864392720896675694705850,false,true,false,true,false,renyi_requirement_failed
falcon,0.500000000000000000000000000000,falcon-epsilon-bkz,128,10,75548,17,131072,55524,0.42361450195312500000000000000000000000000000000000,0.57638549804687500000000000000000000000000000000000,1.7349499655847937734949965584793773494996558479377,0.000010299005310040867113915675946726083962314075061305,1.1257498943224256565048618442168847521781699725257,-2.9913709072667110518243073690017154592633274037123,false,true,false,true,false,renyi_requirement_failed
falcon,0.500000000000000000000000000000,falcon-epsilon-bkz,128,10,76143,17,131072,54929,0.41907501220703125000000000000000000000000000000000,0.58092498779296875000000000000000000000000000000000,1.7213926427905388545237250962005699801688927412894,0.0000092682670105114596954858704722731502134904364023659,1.1169358957039408819067614506571752119440304695751,-3.0962102342665873128473541434585198523579047926921,false,true,false,true,false,renyi_requirement_failed
falcon,0.500000000000000000000000000000,falcon-epsilon-bkz,128,10,76260,17,131072,54812,0.41818237304687500000000000000000000000000000000000,0.58181762695312500000000000000000000000000000000000,1.7187516391292945187516391292945187516391292945188,0.0000087422882099531963440386280539889676665345572837817,1.1152189203456494817281025856505431691190830360557,-3.1175504506112455109288920972673119634989154878963,false,true,false,true,false,renyi_requirement_failed
falcon,0.500000000000000000000000000000,falcon-epsilon-bkz,128,10,76855,17,131072,54217,0.41364288330078125000000000000000000000000000000000,0.58635711669921875000000000000000000000000000000000,1.7054453191074100579012425997007351506082883351766,0.0000070373899355300973798752608080690731192454447581265,1.1065682635968514644962986127338922044504234925163,-3.2301502324785469137719415539270716007880944104589,false,true,false,true,false,renyi_requirement_failed
falcon,0.500000000000000000000000000000,falcon-epsilon-bkz,128,10,76972,17,131072,54100,0.41275024414062500000000000000000000000000000000000,0.58724975585937500000000000000000000000000000000000,1.7028529855012212233019799407576781167177674998701,0.000011441928807302364453292344472187370570698607795023,1.1048829603395319966855706960774441431820963293837,-3.2531477833255776603000192905967918700753449962278,false,true,false,true,false,renyi_requirement_failed
falcon,0.500000000000000000000000000000,falcon-epsilon-bkz,128,10,77333,17,131072,53739,0.40999603271484375000000000000000000000000000000000,0.59000396728515625000000000000000000000000000000000,1.6949038573442126905719421204401743110961685179677,0.000012323795007162909708054907402702702675803915544238,1.0997151800542734455754263766981965761051975643677,-3.3260430409992178400438103996094237136352839965209,false,true,false,true,false,renyi_requirement_failed
falcon,0.500000000000000000000000000000,falcon-epsilon-bkz,128,10,77567,17,131072,53505,0.40821075439453125000000000000000000000000000000000,0.59178924560546875000000000000000000000000000000000,1.6897907615351889334381889205461085255327652223239,0.000010294116265767436925660346182327228164000068535264,1.0963911479790728813510111390017967956695012138809,-3.3749555262351842967192701237982230097151959751485,false,true,false,true,false,renyi_requirement_failed
falcon,0.500000000000000000000000000000,falcon-epsilon-bkz,128,10,77928,17,131072,53144,0.40545654296875000000000000000000000000000000000000,0.59454345703125000000000000000000000000000000000000,1.6819628374910173493481162098347192280053382609588,0.000015452714812112379835183505626126618684409582661493,1.0913022396403894302820906313189767794315687527986,-3.4532059398778968076182801352074277436342000113715,false,true,false,true,false,renyi_requirement_failed
falcon,0.500000000000000000000000000000,falcon-epsilon-bkz,128,10,78045,17,131072,53027,0.40456390380859375000000000000000000000000000000000,0.59543609619140625000000000000000000000000000000000,1.6794413479402908578384265487859568197834582612595,0.000010543471868588615075204568240726448277001938940275,1.0896630372024902367764547522453227357735448779095,-3.4793428204022148663900696701808373514469114253967,false,true,false,true,false,renyi_requirement_failed
falcon,0.500000000000000000000000000000,falcon-epsilon-bkz,128,10,78640,17,131072,52432,0.40002441406250000000000000000000000000000000000000,0.59997558593750000000000000000000000000000000000000,1.6667344862665310274669379450661241098677517802645,0.000014058517617487777612175241639744008991637382890893,1.0814024700259635698064447553336220216222704142060,-3.6187836183772596577845977539724581928625197605447,false,true,false,true,false,renyi_requirement_failed
falcon,0.500000000000000000000000000000,falcon-epsilon-bkz,128,10,78757,17,131072,52315,0.39913177490234375000000000000000000000000000000000,0.60086822509765625000000000000000000000000000000000,1.6642584151250047614815191030638546414921848216666,0.000011430460293363497113698109517740767312045633737990,1.0797928223457789616451785400672926801567880752510,-3.6475972131501405601855760345311540036236919373000,false,true,false,true,false,renyi_requirement_failed
falcon,0.500000000000000000000000000000,falcon-epsilon-bkz,128,10,79352,17,131072,51720,0.39459228515625000000000000000000000000000000000000,0.60540771484375000000000000000000000000000000000000,1.6517794132473031555600362939812481096884766609537,0.000014092902441307035759306866733295013752027816679616,1.0716805272412676284828120437875772406460733883296,-3.8022749406944321856763393678503072008527997723356,false,true,false,true,false,renyi_requirement_failed
falcon,0.500000000000000000000000000000,falcon-epsilon-bkz,128,10,80024,17,131072,51048,0.38946533203125000000000000000000000000000000000000,0.61053466796875000000000000000000000000000000000000,1.6379086274117764670598820353893831850444866540038,0.0000099629046247137895350115459845127011911155765637207,1.0626636078046613046594091858213487251721401583356,-3.9962283557176119822568128630838585467348815238863,false,true,false,true,false,renyi_requirement_failed
falcon,0.500000000000000000000000000000,falcon-epsilon-bkz,128,10,80619,17,131072,50453,0.38492584228515625000000000000000000000000000000000,0.61507415771484375000000000000000000000000000000000,1.6258202160780957342561927089147719520212356888575,0.0000089801213149440132393857845197682956215718701398633,1.0548054701362295466535118882106612006191375710697,-4.1895362939509503656604996285849843486700854185676,false,true,false,true,false,renyi_requirement_failed
falcon,0.500000000000000000000000000000,falcon-epsilon-bkz,128,10,80736,17,131072,50336,0.38403320312500000000000000000000000000000000000000,0.61596679687500000000000000000000000000000000000000,1.6234641300039635354736424891002774474831549742370,0.0000078719366440911235227551996966130110680363897922029,1.0532738968051497858776480616208462701459198477397,-4.2304273767591169359340038857937803669576047757442,false,true,false,true,false,renyi_requirement_failed
falcon,0.500000000000000000000000000000,falcon-epsilon-bkz,128,10,81331,17,131072,49741,0.37949371337890625000000000000000000000000000000000,0.62050628662109375000000000000000000000000000000000,1.6115872176660805842790571860668133921874807883833,0.0000059373778382666663310524344152885122967534866216721,1.0455533782941911461976051623953118771706305466885,-4.4562981397529641606437205093113309989900695101218,false,true,false,true,false,renyi_requirement_failed
falcon,0.500000000000000000000000000000,falcon-epsilon-bkz,128,10,81448,17,131072,49624,0.37860107421875000000000000000000000000000000000000,0.62139892578125000000000000000000000000000000000000,1.6092721736568117080836852961398683822807189863471,0.000010007618555388125568981139839056956748149644819965,1.0440485101759296093943032225309079353118171441553,-4.5047629651385924476735107806852488803557198574777,false,true,false,true,false,renyi_requirement_failed
falcon,0.500000000000000000000000000000,falcon-epsilon-bkz,128,10,81809,17,131072,49263,0.37584686279296875000000000000000000000000000000000,0.62415313720703125000000000000000000000000000000000,1.6021709102910437726900463274211883778068427679106,0.000011551176236655776165180651039793112524972107908656,1.0394324408214777049413109510688664388720092963891,-4.6644731754472988847829122065292365638630974351121,false,true,false,true,false,renyi_requirement_failed
falcon,0.500000000000000000000000000000,falcon-epsilon-bkz,128,10,82043,17,131072,49029,0.37406158447265625000000000000000000000000000000000,0.62593841552734375000000000000000000000000000000000,1.5976012578769669563521567958265787452921029216387,0.0000089328289839517964318254282659444539162691801637295,1.0364620281910762651047537346316708935039245422551,-4.7774613766196882234298016148728939330107890430119,false,true,false,true,false,renyi_requirement_failed
falcon,0.500000000000000000000000000000,falcon-epsilon-bkz,128,10,82404,17,131072,48668,0.37130737304687500000000000000000000000000000000000,0.62869262695312500000000000000000000000000000000000,1.5906023979418474831318868016115722537740886364740,0.000013818958198491273529451065896486300901682440716998,1.0319125893624042209835271315656803842492029954478,-4.9697305172671435560348474782356932514441130993973,false,true,false,true,false,renyi_requirement_failed
falcon,0.500000000000000000000000000000,falcon-epsilon-bkz,128,10,82521,17,131072,48551,0.37041473388671875000000000000000000000000000000000,0.62958526611328125000000000000000000000000000000000,1.5883472085893287769173907247852061899395305437404,0.0000098007586450768306940334861019122266396688618389548,1.0304466668079159965826830619618431659947329501663,-5.0375718940866082653857968913319387933657701836509,false,true,false,true,false,renyi_requirement_failed
falcon,0.500000000000000000000000000000,falcon-epsilon-bkz,128,10,83116,17,131072,47956,0.36587524414062500000000000000000000000000000000000,0.63412475585937500000000000000000000000000000000000,1.5769767553780258915250974541604504547860821021223,0.000012061644674843443588791075843826955718260152278221,1.0230557003807965733665732148007283074655769087039,-5.4387326974989940212256068473108518307921916792255,false,true,false,true,false,renyi_requirement_failed
falcon,0.500000000000000000000000000000,falcon-epsilon-bkz,128,10,83233,17,131072,47839,0.36498260498046875000000000000000000000000000000000,0.63501739501953125000000000000000000000000000000000,1.5747600110533081830523950836807516249564475628657,0.0000099009751652048887583328421454139199729096302296076,1.0216148099703696563458694045277755281947148305658,-5.5318360371407438039737298810673110788002097188205,false,true,false,true,false,renyi_requirement_failed
falcon,0.500000000000000000000000000000,falcon-epsilon-bkz,128,10,83828,17,131072,47244,0.36044311523437500000000000000000000000000000000000,0.63955688476562500000000000000000000000000000000000,1.5635825738416758123777258195352388223505272701245,0.000012107486897421819788382581328742649196181392767243,1.0143507275740577682480186480978324069271115610568,-6.1227323071681317903082008520096903291610870169587,false,true,false,true,false,renyi_requirement_failed
falcon,0.500000000000000000000000000000,falcon-epsilon-bkz,128,10,84500,17,131072,46572,0.35531616210937500000000000000000000000000000000000,0.64468383789062500000000000000000000000000000000000,1.5511479289940828402366863905325443786982248520710,0.000010205435415772329961049415097151690559393850477996,1.0063901947706629925663341283193231777952460745222,-7.2899243800332817682860798008551746776266502226599,false,true,false,true,false,renyi_requirement_failed
falcon,0.500000000000000000000000000000,falcon-epsilon-bkz,128,10,85095,17,131072,45977,0.35077667236328125000000000000000000000000000000000,0.64922332763671875000000000000000000000000000000000,1.5403020153945590222692285093131206298842470180387,0.0000089066548594750394321515701996592456883964988690952,1.0010200013549347969063835325206738036379754587204,-9.9372132160374593774601548663843865841826757205604,false,true,false,true,false,renyi_requirement_failed
falcon,0.500000000000000000000000000000,falcon-epsilon-bkz,128,10,85212,17,131072,45860,0.34988403320312500000000000000000000000000000000000,0.65011596679687500000000000000000000000000000000000,1.5381871097967422428765901516218372999108106839412,0.0000096151987778214923140816615027093009579051420115864,1.0005699686141126743437729835468735068754648930610,-10.776829901518871951390841199799035704252111459711,false,true,false,true,false,renyi_requirement_failed
falcon,0.500000000000000000000000000000,falcon-epsilon-bkz,128,10,85807,17,131072,45265,0.34534454345703125000000000000000000000000000000000,0.65465545654296875000000000000000000000000000000000,1.5275210647149999417296957124710105236169543277355,0.0000074540498750849888999496881101554067053324719616187,1.0000197787186409271937822427139355097045688512583,-15.625691509930258678760687763415884753669309172157,false,true,false,true,false,renyi_requirement_failed
falcon,0.500000000000000000000000000000,falcon-epsilon-bkz,128,10,85808,17,131072,45264,0.34533691406250000000000000000000000000000000000000,0.65466308593750000000000000000000000000000000000000,1.5275032630990117471564422897631922431474920753310,0.0000042005686860857292816295808257700045112361018250401,1.0000196414032733113603434287235408047353856043799,-15.635742468250300522056280421753719988609690110775,false,true,false,true,false,renyi_requirement_failed
falcon,0.500000000000000000000000000000,falcon-epsilon-bkz,128,10,85924,17,131072,45148,0.34445190429687500000000000000000000000000000000000,0.65554809570312500000000000000000000000000000000000,1.5254410874726502490573064568688608537777570876589,0.000010599895283870662377897029807113098890550893085833,1.0000118166067698917883949334051753806635264706133,-16.368824660499869509434732592416547651537192970163,false,true,false,true,false,renyi_requirement_failed
falcon,0.500000000000000000000000000000,falcon-epsilon-bkz,128,10,86285,17,131072,44787,0.34169769287109375000000000000000000000000000000000,0.65830230712890625000000000000000000000000000000000,1.5190589326070580054470649591470128063974039520195,0.000010858716047983027039943415514349671195259224094756,1.0000048328905845169379900020349887204163731060574,-17.658682236458324191756842370876776863792910297304,false,true,false,true,false,renyi_requirement_failed
falcon,0.500000000000000000000000000000,falcon-epsilon-bkz,128,10,86519,17,131072,44553,0.33991241455078125000000000000000000000000000000000,0.66008758544921875000000000000000000000000000000000,1.5149504733064413597013372785168575688577075555658,0.000010186258509713404851985230949337193042547508055729,1.0000041358487193250625064371780727720881093785514,-17.883385153466071200978415531764094673779674927392,false,true,false,true,false,renyi_requirement_failed
falcon,0.500000000000000000000000000000,falcon-epsilon-bkz,128,10,86880,17,131072,44192,0.33715820312500000000000000000000000000000000000000,0.66284179687500000000000000000000000000000000000000,1.5086556169429097605893186003683241252302025782689,0.000013031113774119285247802266967380262454226687776806,1.0000066226006492848921848325031542116464387623970,-17.204170704701225828419590366226505727271884702129,false,true,false,true,false,renyi_requirement_failed
falcon,0.500000000000000000000000000000,falcon-epsilon-bkz,128,10,86997,17,131072,44075,0.33626556396484375000000000000000000000000000000000,0.66373443603515625000000000000000000000000000000000,1.5066266652873087577732565490764049335034541420969,0.000010165052593926715493526254363728208752851893804170,1.0000048964142517844179657256440219752945571692918,-17.639842949669162292456932113040151417912514521179,false,true,false,true,false,renyi_requirement_failed
falcon,0.500000000000000000000000000000,falcon-epsilon-bkz,128,10,87592,17,131072,43480,0.33172607421875000000000000000000000000000000000000,0.66827392578125000000000000000000000000000000000000,1.4963923645995068042743629555210521508813590282218,0.000012216037535292660892632165922204615325988481953731,1.0000071190542973736527498092806608241006987662034,-17.099882964523893201875574392313280503617000296738,false,true,false,true,false,renyi_requirement_failed
falcon,0.500000000000000000000000000000,falcon-epsilon-bkz,128,10,87709,17,131072,43363,0.33083343505859375000000000000000000000000000000000,0.66916656494140625000000000000000000000000000000000,1.4943962421188247500256530116635693030361764471149,0.000011057830962750844998492130638167945446189519576733,1.0000069777468474979678705350387579547008971367838,-17.128807311786772042429751140363241776110109249439,false,true,false,true,false,renyi_requirement_failed
falcon,0.500000000000000000000000000000,falcon-epsilon-bkz,128,10,88304,17,131072,42768,0.32629394531250000000000000000000000000000000000000,0.67370605468750000000000000000000000000000000000000,1.4843268708099293350244609530712085522739626743975,0.000012559424062205368942875026250222981656395064344132,1.0000088465414541471685419762304511444778118059875,-16.786455023978045158080435974046441914646150758824,false,true,false,true,false,renyi_requirement_failed
falcon,0.500000000000000000000000000000,falcon-epsilon-bkz,128,10,88976,17,131072,42096,0.32116699218750000000000000000000000000000000000000,0.67883300781250000000000000000000000000000000000000,1.4731163459809386800935083618054306779356230893724,0.000012514488789355646043400145869766875496779864126473,1.0007887219242240147327993998101382566477381200737,-10.308195633500145048160900748733508514444212671854,false,true,false,true,false,renyi_requirement_failed
falcon,0.500000000000000000000000000000,falcon-epsilon-bkz,128,10,89571,17,131072,41501,0.31662750244140625000000000000000000000000000000000,0.68337249755859375000000000000000000000000000000000,1.4633307655379531321521474584407899878308827633944,0.000010216861427529287374300688783156431069568244143255,1.0000319361566966143415343699556549859110726243679,-14.934449769964323989712562459850018401873145786898,false,true,false,true,false,renyi_requirement_failed
falcon,0.500000000000000000000000000000,falcon-epsilon-bkz,128,10,89688,17,131072,41384,0.31573486328125000000000000000000000000000000000000,0.68426513671875000000000000000000000000000000000000,1.4614218178574614218178574614218178574614218178575,0.000012209729920267047812134006381407934478672551759812,1.0000173622659024847626875928306464350765097990103,-15.813685232129417765519428157513301625409789357459,false,true,false,true,false,renyi_requirement_failed
falcon,0.500000000000000000000000000000,falcon-epsilon-bkz,128,10,90283,17,131072,40789,0.31119537353515625000000000000000000000000000000000,0.68880462646484375000000000000000000000000000000000,1.4517904810429427466964987871470819534131564081832,0.0000097996781733879481540935646626198542315348221447706,1.0000029812579808827313278317244930677620193098173,-18.355647346079558873383673567138507735022549725240,false,true,false,true,false,renyi_requirement_failed
falcon,0.500000000000000000000000000000,falcon-epsilon-bkz,128,10,90400,17,131072,40672,0.31030273437500000000000000000000000000000000000000,0.68969726562500000000000000000000000000000000000000,1.4499115044247787610619469026548672566371681415929,0.000012730696452465614008057724826156641140108083090277,1.0000041514932697122595179277763110780670959784155,-17.877938209898061261865050901311115490454286082905,false,true,false,true,false,renyi_requirement_failed
falcon,0.500000000000000000000000000000,falcon-epsilon-bkz,128,10,90761,17,131072,40311,0.30754852294921875000000000000000000000000000000000,0.69245147705078125000000000000000000000000000000000,1.4441445114090854001167902513193993014620817311400,0.000011335401682566476596556154199208320157121499292095,1.0000042121988212940696311599177557480565513701219,-17.856995034260331806163422698146304283953208961151,false,true,false,true,false,renyi_requirement_failed
falcon,0.500000000000000000000000000000,falcon-epsilon-bkz,128,10,90995,17,131072,40077,0.30576324462890625000000000000000000000000000000000,0.69423675537109375000000000000000000000000000000000,1.4404307929007088301555030496181108852134732677620,0.000012461478299297188068186501936356333861612350123220,1.0000050218827082890216321563733032480378142819582,-17.603340236084308655039822439301822522565236868516,false,true,false,true,false,renyi_requirement_failed
falcon,0.500000000000000000000000000000,falcon-epsilon-bkz,128,10,91356,17,131072,39716,0.30300903320312500000000000000000000000000000000000,0.69699096679687500000000000000000000000000000000000,1.4347388239415035684574631113446297999036735408731,0.000013433280369545012153340167510190261537407802565676,1.0000065391400263550277863059408338715827394814932,-17.222467652452695575339597222303326044901443639600,false,true,false,true,false,renyi_requirement_failed
